ts,open,high,low,close,volume_quote
2026-01-01 00:00:00+00:00,600.000000,600.855171,598.793607,599.648778,74753.050000
2026-01-01 01:00:00+00:00,599.648778,607.143724,584.222373,591.717319,89710.100000
2026-01-01 02:00:00+00:00,591.717319,592.635154,590.573970,591.491805,92552.950000
2026-01-01 03:00:00+00:00,591.491805,594.218224,585.249716,587.976134,95340.200000
2026-01-01 04:00:00+00:00,587.976134,601.673791,581.211149,594.908806,113759.650000
2026-01-01 05:00:00+00:00,594.908806,598.479018,593.682996,597.253208,121252.340000
2026-01-01 06:00:00+00:00,597.253208,597.715107,580.899182,581.361080,122645.360000
2026-01-01 07:00:00+00:00,581.361080,589.136666,579.963952,587.739538,119008.680000
2026-01-01 08:00:00+00:00,587.739538,608.177806,575.467673,595.905942,120034.810000
2026-01-01 09:00:00+00:00,595.905942,606.126679,593.170305,603.391042,88239.040000
2026-01-01 10:00:00+00:00,603.391042,608.137250,602.274356,607.020563,73229.720000
2026-01-01 11:00:00+00:00,607.020563,612.361879,601.451817,606.793133,72055.550000
2026-01-01 12:00:00+00:00,606.793133,610.014615,599.191389,602.412872,44746.580000
2026-01-01 13:00:00+00:00,602.412872,602.422040,602.352119,602.361287,56826.390000
2026-01-01 14:00:00+00:00,602.361287,603.259871,599.049408,599.947992,69724.630000
2026-01-01 15:00:00+00:00,599.947992,601.270952,598.190546,599.513505,54142.750000
2026-01-01 16:00:00+00:00,599.513505,599.793736,598.691467,598.971698,72480.830000
2026-01-01 17:00:00+00:00,598.971698,601.685888,598.318361,601.032551,62562.010000
2026-01-01 18:00:00+00:00,601.032551,603.457199,599.051953,601.476601,69399.130000
2026-01-01 19:00:00+00:00,601.476601,603.513559,597.877622,599.914580,63633.560000
2026-01-01 20:00:00+00:00,599.914580,602.075660,596.846210,599.007289,76872.220000
2026-01-01 21:00:00+00:00,599.007289,599.168372,598.179770,598.340853,49358.640000
2026-01-01 22:00:00+00:00,598.340853,601.111579,597.854744,600.625470,75139.280000
2026-01-01 23:00:00+00:00,600.625470,600.893315,597.853039,598.120884,71396.120000
2026-01-02 00:00:00+00:00,598.120884,599.322649,596.451549,597.653313,60566.370000
2026-01-02 01:00:00+00:00,597.653313,601.565620,597.265293,601.177601,68125.830000
2026-01-02 02:00:00+00:00,601.177601,605.040558,594.643563,598.506520,76129.020000
2026-01-02 03:00:00+00:00,598.506520,605.051116,594.252249,600.796845,54530.280000
2026-01-02 04:00:00+00:00,600.796845,602.653722,596.620763,598.477640,68096.630000
2026-01-02 05:00:00+00:00,598.477640,599.160182,597.175053,597.857594,59481.920000
2026-01-02 06:00:00+00:00,597.857594,599.408697,594.409880,595.960983,53272.240000
2026-01-02 07:00:00+00:00,595.960983,596.907564,594.426651,595.373232,44830.770000
2026-01-02 08:00:00+00:00,595.373232,595.831281,592.454229,592.912278,60004.610000
2026-01-02 09:00:00+00:00,592.912278,595.777786,584.966093,587.831601,45129.610000
2026-01-02 10:00:00+00:00,587.831601,588.317682,586.371000,586.857080,46536.390000
2026-01-02 11:00:00+00:00,586.857080,588.300876,583.326871,584.770667,73776.330000
2026-01-02 12:00:00+00:00,584.770667,585.282731,582.210730,582.722794,77751.330000
2026-01-02 13:00:00+00:00,582.722794,587.988198,581.640207,586.905611,51177.420000
2026-01-02 14:00:00+00:00,586.905611,588.858565,583.883158,585.836112,55036.610000
2026-01-02 15:00:00+00:00,585.836112,589.621308,584.398157,588.183354,56583.230000
2026-01-02 16:00:00+00:00,588.183354,589.622817,583.451327,584.890790,71344.980000
2026-01-02 17:00:00+00:00,584.890790,586.626264,583.433514,585.168988,61710.750000
2026-01-02 18:00:00+00:00,585.168988,585.803869,581.447331,582.082212,49032.590000
2026-01-02 19:00:00+00:00,582.082212,582.553541,578.677349,579.148678,56634.400000
2026-01-02 20:00:00+00:00,579.148678,580.391717,578.252019,579.495058,65486.500000
2026-01-02 21:00:00+00:00,579.495058,579.853679,577.414048,577.772669,64989.170000
2026-01-02 22:00:00+00:00,577.772669,581.534578,569.138590,572.900499,42298.040000
2026-01-02 23:00:00+00:00,572.900499,577.516631,569.670266,574.286398,72368.170000
2026-01-03 00:00:00+00:00,574.286398,575.698958,572.814946,574.227506,45170.070000
2026-01-03 01:00:00+00:00,574.227506,576.698467,573.109608,575.580568,61269.950000
2026-01-03 02:00:00+00:00,575.580568,577.579398,572.027260,574.026089,42637.080000
2026-01-03 03:00:00+00:00,574.026089,574.625205,571.202345,571.801460,71132.310000
2026-01-03 04:00:00+00:00,571.801460,573.958446,567.276245,569.433230,71850.770000
2026-01-03 05:00:00+00:00,569.433230,572.689887,566.844813,570.101469,72490.490000
2026-01-03 06:00:00+00:00,570.101469,573.413046,563.674768,566.986346,74948.480000
2026-01-03 07:00:00+00:00,566.986346,567.172781,562.999577,563.186011,46210.620000
2026-01-03 08:00:00+00:00,563.186011,564.775471,559.427033,561.016492,54447.820000
2026-01-03 09:00:00+00:00,561.016492,563.229895,556.400097,558.613500,42778.300000
2026-01-03 10:00:00+00:00,558.613500,559.339750,553.623277,554.349528,50070.410000
2026-01-03 11:00:00+00:00,554.349528,556.989897,553.926395,556.566765,58875.380000
2026-01-03 12:00:00+00:00,556.566765,557.423284,556.067956,556.924476,70112.360000
2026-01-03 13:00:00+00:00,556.924476,557.474137,555.323888,555.873549,46128.440000
2026-01-03 14:00:00+00:00,555.873549,556.974848,553.774410,554.875709,52381.020000
2026-01-03 15:00:00+00:00,554.875709,556.218178,553.137231,554.479700,56853.440000
2026-01-03 16:00:00+00:00,554.479700,556.190005,552.841822,554.552126,60385.680000
2026-01-03 17:00:00+00:00,554.552126,556.074525,550.464085,551.986483,51969.080000
2026-01-03 18:00:00+00:00,551.986483,554.846559,548.038684,550.898760,42698.200000
2026-01-03 19:00:00+00:00,550.898760,551.151334,549.735495,549.988069,48156.640000
2026-01-03 20:00:00+00:00,549.988069,555.105378,547.319046,552.436355,42505.560000
2026-01-03 21:00:00+00:00,552.436355,552.625338,550.186875,550.375858,74312.900000
2026-01-03 22:00:00+00:00,550.375858,554.599745,548.354832,552.578719,75040.080000
2026-01-03 23:00:00+00:00,552.578719,554.656258,552.208457,554.285997,63511.480000
2026-01-04 00:00:00+00:00,554.285997,556.903059,553.831939,556.449000,54086.350000
2026-01-04 01:00:00+00:00,556.449000,556.821317,554.323853,554.696169,67519.200000
2026-01-04 02:00:00+00:00,554.696169,556.134023,553.986732,555.424586,59443.910000
2026-01-04 03:00:00+00:00,555.424586,557.018681,553.024550,554.618645,51064.650000
2026-01-04 04:00:00+00:00,554.618645,559.635024,551.669954,556.686333,77432.630000
2026-01-04 05:00:00+00:00,556.686333,557.412053,553.206347,553.932066,59457.090000
2026-01-04 06:00:00+00:00,553.932066,555.834928,552.551801,554.454663,71373.000000
2026-01-04 07:00:00+00:00,554.454663,558.798731,552.828804,557.172872,44576.430000
2026-01-04 08:00:00+00:00,557.172872,558.105198,555.050895,555.983221,67608.200000
2026-01-04 09:00:00+00:00,555.983221,559.010263,553.959804,556.986847,73995.120000
2026-01-04 10:00:00+00:00,556.986847,559.075602,556.838009,558.926764,55297.990000
2026-01-04 11:00:00+00:00,558.926764,561.020455,556.575329,558.669020,63480.740000
2026-01-04 12:00:00+00:00,558.669020,560.284185,555.853212,557.468378,56035.020000
2026-01-04 13:00:00+00:00,557.468378,559.346841,557.020003,558.898466,53688.740000
2026-01-04 14:00:00+00:00,558.898466,559.874055,556.364617,557.340205,70570.140000
2026-01-04 15:00:00+00:00,557.340205,558.791131,556.090547,557.541473,63111.700000
2026-01-04 16:00:00+00:00,557.541473,559.299755,552.950223,554.708505,63247.540000
2026-01-04 17:00:00+00:00,554.708505,558.201058,553.735498,557.228051,60032.280000
2026-01-04 18:00:00+00:00,557.228051,559.805505,552.674554,555.252008,49159.350000
2026-01-04 19:00:00+00:00,555.252008,558.993868,550.889942,554.631801,52856.330000
2026-01-04 20:00:00+00:00,554.631801,555.240454,553.538550,554.147202,47008.490000
2026-01-04 21:00:00+00:00,554.147202,555.464452,553.041392,554.358642,57584.580000
2026-01-04 22:00:00+00:00,554.358642,555.517735,549.306350,550.465443,66948.510000
2026-01-04 23:00:00+00:00,550.465443,555.377663,549.843325,554.755546,70675.120000
2026-01-05 00:00:00+00:00,554.755546,555.155002,554.640666,555.040122,48647.390000
2026-01-05 01:00:00+00:00,555.040122,555.948264,553.981428,554.889571,52096.050000
2026-01-05 02:00:00+00:00,554.889571,555.887832,552.983509,553.981770,77242.830000
2026-01-05 03:00:00+00:00,553.981770,555.165942,553.766869,554.951041,45062.830000
2026-01-05 04:00:00+00:00,554.951041,555.597995,552.695296,553.342250,56312.540000
2026-01-05 05:00:00+00:00,553.342250,554.219143,550.164189,551.041083,51330.430000
2026-01-05 06:00:00+00:00,551.041083,554.316357,550.009913,553.285187,71386.570000
2026-01-05 07:00:00+00:00,553.285187,555.014774,552.592736,554.322323,48748.890000
2026-01-05 08:00:00+00:00,554.322323,556.616178,548.769344,551.063200,57371.260000
2026-01-05 09:00:00+00:00,551.063200,555.137264,547.856373,551.930438,75296.150000
2026-01-05 10:00:00+00:00,551.930438,554.637776,550.833417,553.540755,70405.590000
2026-01-05 11:00:00+00:00,553.540755,555.311776,550.243525,552.014546,65192.300000
2026-01-05 12:00:00+00:00,552.014546,553.590618,551.807556,553.383628,49235.610000
2026-01-05 13:00:00+00:00,553.383628,557.549701,553.197982,557.364056,63618.010000
2026-01-05 14:00:00+00:00,557.364056,559.431331,555.430884,557.498159,42098.980000
2026-01-05 15:00:00+00:00,557.498159,559.099951,555.127637,556.729429,45841.600000
2026-01-05 16:00:00+00:00,556.729429,560.109257,555.633664,559.013491,62667.170000
2026-01-05 17:00:00+00:00,559.013491,562.220678,557.825655,561.032842,49181.780000
2026-01-05 18:00:00+00:00,561.032842,564.276601,559.742737,562.986497,45182.780000
2026-01-05 19:00:00+00:00,562.986497,566.739867,561.612687,565.366058,43441.030000
2026-01-05 20:00:00+00:00,565.366058,566.253915,561.377080,562.264937,65548.570000
2026-01-05 21:00:00+00:00,562.264937,563.758605,557.496947,558.990614,59651.860000
2026-01-05 22:00:00+00:00,558.990614,559.176418,555.352733,555.538536,56601.090000
2026-01-05 23:00:00+00:00,555.538536,559.272301,555.381117,559.114882,74154.590000
2026-01-06 00:00:00+00:00,559.114882,562.147412,553.543553,556.576083,75983.940000
2026-01-06 01:00:00+00:00,556.576083,559.319088,550.928942,553.671948,76356.600000
2026-01-06 02:00:00+00:00,553.671948,554.605490,552.775236,553.708779,67943.460000
2026-01-06 03:00:00+00:00,553.708779,554.324478,551.625147,552.240846,70123.910000
2026-01-06 04:00:00+00:00,552.240846,553.557329,551.405031,552.721515,57944.420000
2026-01-06 05:00:00+00:00,552.721515,554.268468,552.422229,553.969182,65760.950000
2026-01-06 06:00:00+00:00,553.969182,554.255206,551.767430,552.053454,50142.210000
2026-01-06 07:00:00+00:00,552.053454,554.902619,548.745218,551.594383,72520.990000
2026-01-06 08:00:00+00:00,551.594383,552.922781,550.572399,551.900797,52246.270000
2026-01-06 09:00:00+00:00,551.900797,553.157711,547.995264,549.252177,53429.700000
2026-01-06 10:00:00+00:00,549.252177,550.263823,547.439890,548.451535,48927.940000
2026-01-06 11:00:00+00:00,548.451535,550.092912,546.298226,547.939603,62743.360000
2026-01-06 12:00:00+00:00,547.939603,550.701732,543.094334,545.856463,46352.060000
2026-01-06 13:00:00+00:00,545.856463,547.615507,543.479576,545.238620,51352.110000
2026-01-06 14:00:00+00:00,545.238620,552.303479,544.060697,551.125556,56508.350000
2026-01-06 15:00:00+00:00,551.125556,551.172397,548.206696,548.253538,42762.340000
2026-01-06 16:00:00+00:00,548.253538,551.124203,545.773085,548.643751,74619.640000
2026-01-06 17:00:00+00:00,548.643751,550.831231,546.100131,548.287611,54086.490000
2026-01-06 18:00:00+00:00,548.287611,548.486716,547.561090,547.760195,44101.680000
2026-01-06 19:00:00+00:00,547.760195,548.370862,546.591244,547.201911,61797.560000
2026-01-06 20:00:00+00:00,547.201911,551.879273,546.896005,551.573367,44784.020000
2026-01-06 21:00:00+00:00,551.573367,553.501458,549.321109,551.249200,60145.300000
2026-01-06 22:00:00+00:00,551.249200,554.924710,544.765770,548.441280,42404.040000
2026-01-06 23:00:00+00:00,548.441280,550.807724,546.804866,549.171310,54996.620000
2026-01-07 00:00:00+00:00,549.171310,550.679858,545.474249,546.982797,51263.010000
2026-01-07 01:00:00+00:00,546.982797,548.900809,543.281894,545.199906,62516.150000
2026-01-07 02:00:00+00:00,545.199906,547.701506,544.244669,546.746268,47173.160000
2026-01-07 03:00:00+00:00,546.746268,551.059397,544.613751,548.926880,61419.370000
2026-01-07 04:00:00+00:00,548.926880,548.979403,547.670220,547.722743,57275.070000
2026-01-07 05:00:00+00:00,547.722743,553.953676,545.966109,552.197042,45214.270000
2026-01-07 06:00:00+00:00,552.197042,556.870160,550.759990,555.433109,71880.430000
2026-01-07 07:00:00+00:00,555.433109,560.791756,551.550394,556.909041,45282.740000
2026-01-07 08:00:00+00:00,556.909041,558.237959,555.318929,556.647848,53089.640000
2026-01-07 09:00:00+00:00,556.647848,556.699417,556.153423,556.204992,66412.440000
2026-01-07 10:00:00+00:00,556.204992,559.129540,554.567872,557.492420,50345.840000
2026-01-07 11:00:00+00:00,557.492420,559.279512,553.570107,555.357198,53839.220000
2026-01-07 12:00:00+00:00,555.357198,557.829674,553.693452,556.165928,55026.750000
2026-01-07 13:00:00+00:00,556.165928,558.483980,554.342243,556.660295,66405.060000
2026-01-07 14:00:00+00:00,556.660295,557.392864,555.455894,556.188463,64267.270000
2026-01-07 15:00:00+00:00,556.188463,556.591164,554.426768,554.829469,66465.650000
2026-01-07 16:00:00+00:00,554.829469,555.543457,552.507833,553.221820,66909.070000
2026-01-07 17:00:00+00:00,553.221820,555.475269,552.726327,554.979776,75220.310000
2026-01-07 18:00:00+00:00,554.979776,555.285777,554.167705,554.473707,68802.540000
2026-01-07 19:00:00+00:00,554.473707,559.061865,549.889112,554.477270,71440.620000
2026-01-07 20:00:00+00:00,554.477270,557.128203,553.491102,556.142035,52539.360000
2026-01-07 21:00:00+00:00,556.142035,557.874461,549.472295,551.204722,72519.400000
2026-01-07 22:00:00+00:00,551.204722,555.023385,548.241141,552.059805,58361.560000
2026-01-07 23:00:00+00:00,552.059805,555.023396,551.173730,554.137321,53827.390000
2026-01-08 00:00:00+00:00,554.137321,557.994420,551.743042,555.600142,75860.220000
2026-01-08 01:00:00+00:00,555.600142,557.143394,554.889800,556.433052,77837.540000
2026-01-08 02:00:00+00:00,556.433052,558.766341,553.262774,555.596063,50585.370000
2026-01-08 03:00:00+00:00,555.596063,556.554907,554.891732,555.850577,46634.790000
2026-01-08 04:00:00+00:00,555.850577,563.117959,552.248675,559.516057,66059.730000
2026-01-08 05:00:00+00:00,559.516057,562.817504,555.181199,558.482646,66569.450000
2026-01-08 06:00:00+00:00,558.482646,561.587290,554.480505,557.585150,66734.580000
2026-01-08 07:00:00+00:00,557.585150,558.083165,556.320063,556.818078,63174.070000
2026-01-08 08:00:00+00:00,556.818078,557.012208,555.883276,556.077405,50723.720000
2026-01-08 09:00:00+00:00,556.077405,557.974736,552.957317,554.854647,53693.860000
2026-01-08 10:00:00+00:00,554.854647,559.627957,552.401039,557.174348,70860.920000
2026-01-08 11:00:00+00:00,557.174348,558.151278,551.403108,552.380038,45663.370000
2026-01-08 12:00:00+00:00,552.380038,553.996411,551.374922,552.991295,52026.140000
2026-01-08 13:00:00+00:00,552.991295,556.082279,547.137573,550.228558,75308.830000
2026-01-08 14:00:00+00:00,550.228558,552.374988,548.170397,550.316827,49980.050000
2026-01-08 15:00:00+00:00,550.316827,552.485575,544.064720,546.233468,48651.970000
2026-01-08 16:00:00+00:00,546.233468,547.120516,544.280368,545.167415,60634.120000
2026-01-08 17:00:00+00:00,545.167415,547.239854,541.084410,543.156849,48323.230000
2026-01-08 18:00:00+00:00,543.156849,544.484815,542.449341,543.777307,61904.650000
2026-01-08 19:00:00+00:00,543.777307,544.879475,539.858332,540.960500,55502.780000
2026-01-08 20:00:00+00:00,540.960500,543.750512,539.881172,542.671184,76381.820000
2026-01-08 21:00:00+00:00,542.671184,545.046692,541.066270,543.441778,71685.970000
2026-01-08 22:00:00+00:00,543.441778,547.649007,540.971268,545.178496,58085.570000
2026-01-08 23:00:00+00:00,545.178496,548.159441,538.619021,541.599966,64686.520000
2026-01-09 00:00:00+00:00,541.599966,546.267603,537.305014,541.972650,59961.670000
2026-01-09 01:00:00+00:00,541.972650,543.597920,538.870150,540.495419,59855.100000
2026-01-09 02:00:00+00:00,540.495419,541.038867,540.034099,540.577547,54483.260000
2026-01-09 03:00:00+00:00,540.577547,541.291596,540.559793,541.273841,59479.340000
2026-01-09 04:00:00+00:00,541.273841,544.053528,539.758284,542.537971,59190.700000
2026-01-09 05:00:00+00:00,542.537971,547.171014,539.789260,544.422304,63331.840000
2026-01-09 06:00:00+00:00,544.422304,546.124049,541.768827,543.470573,43266.440000
2026-01-09 07:00:00+00:00,543.470573,544.058561,542.312678,542.900667,71815.420000
2026-01-09 08:00:00+00:00,542.900667,546.475368,540.340728,543.915429,61356.330000
2026-01-09 09:00:00+00:00,543.915429,545.198183,539.234200,540.516954,62578.460000
2026-01-09 10:00:00+00:00,540.516954,543.141838,538.993530,541.618413,61975.970000
2026-01-09 11:00:00+00:00,541.618413,545.510977,537.654292,541.546856,68180.540000
2026-01-09 12:00:00+00:00,541.546856,543.619726,541.039112,543.111982,46268.170000
2026-01-09 13:00:00+00:00,543.111982,545.623536,542.770970,545.282523,45714.350000
2026-01-09 14:00:00+00:00,545.282523,548.682116,542.479064,545.878656,74424.190000
2026-01-09 15:00:00+00:00,545.878656,547.246014,540.612780,541.980137,45506.250000
2026-01-09 16:00:00+00:00,541.980137,542.925597,540.377281,541.322741,48758.700000
2026-01-09 17:00:00+00:00,541.322741,541.931341,538.771801,539.380401,73261.500000
2026-01-09 18:00:00+00:00,539.380401,539.764634,537.440408,537.824641,44446.070000
2026-01-09 19:00:00+00:00,537.824641,540.714895,537.823986,540.714240,50850.780000
2026-01-09 20:00:00+00:00,540.714240,541.073728,538.450422,538.809911,75560.100000
2026-01-09 21:00:00+00:00,538.809911,540.068294,532.893118,534.151502,58975.390000
2026-01-09 22:00:00+00:00,534.151502,537.667129,531.629299,535.144927,46244.600000
2026-01-09 23:00:00+00:00,535.144927,536.821913,534.910474,536.587461,53307.200000
2026-01-10 00:00:00+00:00,536.587461,537.489499,535.708749,536.610787,62642.250000
2026-01-10 01:00:00+00:00,536.610787,539.540371,532.260174,535.189758,51378.400000
2026-01-10 02:00:00+00:00,535.189758,536.474732,533.384965,534.669939,73619.960000
2026-01-10 03:00:00+00:00,534.669939,536.638812,534.352610,536.321483,77739.520000
2026-01-10 04:00:00+00:00,536.321483,536.955668,535.258096,535.892280,65785.050000
2026-01-10 05:00:00+00:00,535.892280,537.504612,535.374534,536.986866,71673.830000
2026-01-10 06:00:00+00:00,536.986866,544.347066,532.992161,540.352361,77150.590000
2026-01-10 07:00:00+00:00,540.352361,540.970437,538.650072,539.268147,65690.030000
2026-01-10 08:00:00+00:00,539.268147,541.888038,538.089917,540.709807,71829.060000
2026-01-10 09:00:00+00:00,540.709807,540.839569,539.880934,540.010696,65615.130000
2026-01-10 10:00:00+00:00,540.010696,540.031224,534.845052,534.865580,62197.470000
2026-01-10 11:00:00+00:00,534.865580,534.913667,532.443523,532.491610,46405.150000
2026-01-10 12:00:00+00:00,532.491610,533.063845,531.492199,532.064434,52030.810000
2026-01-10 13:00:00+00:00,532.064434,533.889699,531.737442,533.562707,51098.030000
2026-01-10 14:00:00+00:00,533.562707,533.566505,533.481085,533.484882,45748.730000
2026-01-10 15:00:00+00:00,533.484882,535.186063,530.085897,531.787078,52460.530000
2026-01-10 16:00:00+00:00,531.787078,534.535646,531.196831,533.945400,77874.730000
2026-01-10 17:00:00+00:00,533.945400,535.808991,533.784747,535.648338,64528.750000
2026-01-10 18:00:00+00:00,535.648338,536.146531,535.198053,535.696245,61025.900000
2026-01-10 19:00:00+00:00,535.696245,535.717160,533.606300,533.627215,53946.280000
2026-01-10 20:00:00+00:00,533.627215,534.311164,527.724272,528.408222,50301.210000
2026-01-10 21:00:00+00:00,528.408222,531.933864,526.497448,530.023090,51740.580000
2026-01-10 22:00:00+00:00,530.023090,531.200186,527.451084,528.628180,55552.670000
2026-01-10 23:00:00+00:00,528.628180,529.646830,525.458113,526.476762,44903.000000
2026-01-11 00:00:00+00:00,526.476762,527.073795,526.233165,526.830197,48077.050000
2026-01-11 01:00:00+00:00,526.830197,527.137748,525.144041,525.451591,51514.780000
2026-01-11 02:00:00+00:00,525.451591,526.076834,522.732288,523.357531,56608.160000
2026-01-11 03:00:00+00:00,523.357531,527.772947,521.959888,526.375305,75833.250000
2026-01-11 04:00:00+00:00,526.375305,530.853327,525.426133,529.904155,58608.820000
2026-01-11 05:00:00+00:00,529.904155,532.761809,526.191480,529.049134,69961.760000
2026-01-11 06:00:00+00:00,529.049134,532.863905,519.627168,523.441938,77000.660000
2026-01-11 07:00:00+00:00,523.441938,524.258436,522.606067,523.422565,68018.090000
2026-01-11 08:00:00+00:00,523.422565,524.846871,519.926549,521.350856,77615.900000
2026-01-11 09:00:00+00:00,521.350856,521.565226,520.637082,520.851452,73806.640000
2026-01-11 10:00:00+00:00,520.851452,522.135528,520.540986,521.825062,44475.130000
2026-01-11 11:00:00+00:00,521.825062,521.890264,520.309232,520.374434,61725.190000
2026-01-11 12:00:00+00:00,520.374434,520.559525,519.432744,519.617835,51241.010000
2026-01-11 13:00:00+00:00,519.617835,520.217750,514.895001,515.494917,50249.370000
2026-01-11 14:00:00+00:00,515.494917,519.599544,507.390361,511.494989,59374.690000
2026-01-11 15:00:00+00:00,511.494989,512.229410,511.223881,511.958302,64140.410000
2026-01-11 16:00:00+00:00,511.958302,514.461904,506.986099,509.489701,60404.810000
2026-01-11 17:00:00+00:00,509.489701,511.170349,506.114905,507.795553,64033.550000
2026-01-11 18:00:00+00:00,507.795553,510.439000,506.025710,508.669157,77159.150000
2026-01-11 19:00:00+00:00,508.669157,512.741839,506.234204,510.306886,64764.360000
2026-01-11 20:00:00+00:00,510.306886,512.243237,506.713136,508.649488,60930.330000
2026-01-11 21:00:00+00:00,508.649488,511.540433,507.572864,510.463809,43155.420000
2026-01-11 22:00:00+00:00,510.463809,511.124505,509.425891,510.086588,60889.080000
2026-01-11 23:00:00+00:00,510.086588,511.343682,509.991458,511.248553,47307.990000
2026-01-12 00:00:00+00:00,511.248553,511.950834,510.676981,511.379263,51379.770000
2026-01-12 01:00:00+00:00,511.379263,513.852114,510.469782,512.942634,60818.030000
2026-01-12 02:00:00+00:00,512.942634,518.529245,509.815780,515.402391,44482.730000
2026-01-12 03:00:00+00:00,515.402391,516.680405,515.014176,516.292189,77900.840000
2026-01-12 04:00:00+00:00,516.292189,517.773995,514.726650,516.208457,43328.890000
2026-01-12 05:00:00+00:00,516.208457,517.592303,514.027280,515.411126,67445.010000
2026-01-12 06:00:00+00:00,515.411126,520.962873,514.441118,519.992865,51192.490000
2026-01-12 07:00:00+00:00,519.992865,522.114530,514.196076,516.317741,55981.350000
2026-01-12 08:00:00+00:00,516.317741,519.361369,516.206732,519.250360,63938.500000
2026-01-12 09:00:00+00:00,519.250360,524.389609,518.535736,523.674985,51935.480000
2026-01-12 10:00:00+00:00,523.674985,524.028863,519.849276,520.203154,52194.170000
2026-01-12 11:00:00+00:00,520.203154,526.345081,518.233499,524.375426,50634.500000
2026-01-12 12:00:00+00:00,524.375426,527.328448,523.194056,526.147078,52503.840000
2026-01-12 13:00:00+00:00,526.147078,527.493614,524.595877,525.942414,63172.700000
2026-01-12 14:00:00+00:00,525.942414,527.981008,524.489209,526.527803,76508.480000
2026-01-12 15:00:00+00:00,526.527803,530.222963,524.385735,528.080896,51680.260000
2026-01-12 16:00:00+00:00,528.080896,529.123065,526.136175,527.178344,58770.880000
2026-01-12 17:00:00+00:00,527.178344,529.140205,525.763023,527.724884,72408.670000
2026-01-12 18:00:00+00:00,527.724884,529.064020,525.041289,526.380425,64851.320000
2026-01-12 19:00:00+00:00,526.380425,527.967882,524.226192,525.813649,55582.670000
2026-01-12 20:00:00+00:00,525.813649,525.820540,525.700494,525.707385,64785.510000
2026-01-12 21:00:00+00:00,525.707385,531.137233,522.742143,528.171990,59711.690000
2026-01-12 22:00:00+00:00,528.171990,528.368123,525.217686,525.413819,62058.100000
2026-01-12 23:00:00+00:00,525.413819,526.299970,523.052082,523.938233,73009.510000
2026-01-13 00:00:00+00:00,523.938233,524.891309,522.482094,523.435170,77546.500000
2026-01-13 01:00:00+00:00,523.435170,525.455006,518.708345,520.728180,54648.200000
2026-01-13 02:00:00+00:00,520.728180,520.754077,520.402514,520.428411,48069.640000
2026-01-13 03:00:00+00:00,520.428411,520.662354,518.621842,518.855785,64624.260000
2026-01-13 04:00:00+00:00,518.855785,521.681132,518.403796,521.229142,51290.970000
2026-01-13 05:00:00+00:00,521.229142,524.415047,519.189871,522.375775,43274.460000
2026-01-13 06:00:00+00:00,522.375775,523.623979,521.005898,522.254101,76430.100000
2026-01-13 07:00:00+00:00,522.254101,522.790350,519.460052,519.996301,70845.960000
2026-01-13 08:00:00+00:00,519.996301,522.779970,518.406583,521.190251,55470.430000
2026-01-13 09:00:00+00:00,521.190251,524.569973,519.979249,523.358970,75397.400000
2026-01-13 10:00:00+00:00,523.358970,526.019974,523.113438,525.774441,75633.300000
2026-01-13 11:00:00+00:00,525.774441,526.787989,522.419994,523.433541,54087.200000
2026-01-13 12:00:00+00:00,523.433541,523.465965,521.088364,521.120788,74052.230000
2026-01-13 13:00:00+00:00,521.120788,525.260142,519.049283,523.188637,42908.100000
2026-01-13 14:00:00+00:00,523.188637,526.932881,522.436499,526.180743,77990.870000
2026-01-13 15:00:00+00:00,526.180743,528.106597,522.551340,524.477194,46777.360000
2026-01-13 16:00:00+00:00,524.477194,526.123062,522.560640,524.206508,70386.490000
2026-01-13 17:00:00+00:00,524.206508,525.918104,522.600899,524.312495,61794.690000
2026-01-13 18:00:00+00:00,524.312495,524.734469,523.603657,524.025631,73964.540000
2026-01-13 19:00:00+00:00,524.025631,526.857542,523.610164,526.442075,58347.490000
2026-01-13 20:00:00+00:00,526.442075,526.473635,524.845847,524.877407,69358.940000
2026-01-13 21:00:00+00:00,524.877407,527.466799,522.920535,525.509928,77026.020000
2026-01-13 22:00:00+00:00,525.509928,528.668813,515.859844,519.018729,75535.520000
2026-01-13 23:00:00+00:00,519.018729,519.864658,514.563212,515.409140,47229.390000
2026-01-14 00:00:00+00:00,515.409140,517.219447,513.472441,515.282747,63463.990000
2026-01-14 01:00:00+00:00,515.282747,515.657850,512.397698,512.772800,70369.230000
2026-01-14 02:00:00+00:00,512.772800,513.059170,508.146119,508.432489,50147.110000
2026-01-14 03:00:00+00:00,508.432489,511.673442,503.490337,506.731290,68876.170000
2026-01-14 04:00:00+00:00,506.731290,510.001552,504.074016,507.344278,61090.660000
2026-01-14 05:00:00+00:00,507.344278,513.699195,506.564214,512.919131,59014.040000
2026-01-14 06:00:00+00:00,512.919131,516.860416,504.840836,508.782120,42434.230000
2026-01-14 07:00:00+00:00,508.782120,509.764844,505.324304,506.307028,64268.520000
2026-01-14 08:00:00+00:00,506.307028,506.318394,505.968904,505.980271,50333.870000
2026-01-14 09:00:00+00:00,505.980271,506.278177,502.624201,502.922107,63999.090000
2026-01-14 10:00:00+00:00,502.922107,503.777691,502.661554,503.517138,56732.850000
2026-01-14 11:00:00+00:00,503.517138,504.428792,501.595563,502.507218,67606.280000
2026-01-14 12:00:00+00:00,502.507218,503.995768,502.089671,503.578222,50416.420000
2026-01-14 13:00:00+00:00,503.578222,505.034535,499.490935,500.947248,73593.390000
2026-01-14 14:00:00+00:00,500.947248,502.114051,498.235327,499.402130,44500.990000
2026-01-14 15:00:00+00:00,499.402130,502.930179,497.762999,501.291048,44609.780000
2026-01-14 16:00:00+00:00,501.291048,501.998571,499.583414,500.290937,72226.200000
2026-01-14 17:00:00+00:00,500.290937,506.476969,498.377569,504.563600,54540.500000
2026-01-14 18:00:00+00:00,504.563600,506.636420,503.002362,505.075181,53751.150000
2026-01-14 19:00:00+00:00,505.075181,506.111688,504.168335,505.204842,53271.920000
2026-01-14 20:00:00+00:00,505.204842,507.402055,503.389659,505.586872,50598.700000
2026-01-14 21:00:00+00:00,505.586872,506.444324,504.665267,505.522719,48568.270000
2026-01-14 22:00:00+00:00,505.522719,507.515468,503.682066,505.674814,71218.430000
2026-01-14 23:00:00+00:00,505.674814,507.820060,503.762625,505.907871,43405.280000
2026-01-15 00:00:00+00:00,505.907871,506.370215,502.498247,502.960590,62283.270000
2026-01-15 01:00:00+00:00,502.960590,506.797193,500.280126,504.116729,76083.090000
2026-01-15 02:00:00+00:00,504.116729,508.933941,502.351139,507.168350,68314.420000
2026-01-15 03:00:00+00:00,507.168350,508.080896,506.060368,506.972913,47821.380000
2026-01-15 04:00:00+00:00,506.972913,507.078642,505.119047,505.224776,63706.000000
2026-01-15 05:00:00+00:00,505.224776,505.579022,505.133026,505.487272,69235.970000
2026-01-15 06:00:00+00:00,505.487272,507.528134,504.889887,506.930748,50697.780000
2026-01-15 07:00:00+00:00,506.930748,508.530305,505.651014,507.250571,59005.810000
2026-01-15 08:00:00+00:00,507.250571,508.771225,505.309148,506.829802,74511.010000
2026-01-15 09:00:00+00:00,506.829802,508.439348,506.161284,507.770829,47672.640000
2026-01-15 10:00:00+00:00,507.770829,509.170708,502.331955,503.731833,55183.920000
2026-01-15 11:00:00+00:00,503.731833,508.618248,500.353734,505.240149,77229.890000
2026-01-15 12:00:00+00:00,505.240149,505.506488,503.991210,504.257549,55404.100000
2026-01-15 13:00:00+00:00,504.257549,507.324970,497.926903,500.994324,54241.770000
2026-01-15 14:00:00+00:00,500.994324,503.757043,499.610902,502.373622,77795.850000
2026-01-15 15:00:00+00:00,502.373622,506.853150,499.304831,503.784359,77692.090000
2026-01-15 16:00:00+00:00,503.784359,504.849117,500.193966,501.258723,57475.690000
2026-01-15 17:00:00+00:00,501.258723,501.643639,496.551086,496.936003,66248.640000
2026-01-15 18:00:00+00:00,496.936003,497.311885,496.478894,496.854776,48579.070000
2026-01-15 19:00:00+00:00,496.854776,500.314922,494.510443,497.970590,75419.050000
2026-01-15 20:00:00+00:00,497.970590,501.025467,497.353021,500.407899,66110.700000
2026-01-15 21:00:00+00:00,500.407899,500.647332,498.620822,498.860254,72446.200000
2026-01-15 22:00:00+00:00,498.860254,500.987047,497.755000,499.881793,77008.420000
2026-01-15 23:00:00+00:00,499.881793,502.570127,492.774399,495.462733,67302.580000
2026-01-16 00:00:00+00:00,495.462733,495.992330,494.640344,495.169942,61679.310000
2026-01-16 01:00:00+00:00,495.169942,497.067005,493.891170,495.788234,66156.960000
2026-01-16 02:00:00+00:00,495.788234,500.176268,489.736390,494.124424,63580.170000
2026-01-16 03:00:00+00:00,494.124424,494.390349,492.753979,493.019905,75460.200000
2026-01-16 04:00:00+00:00,493.019905,495.948618,490.710639,493.639353,52656.290000
2026-01-16 05:00:00+00:00,493.639353,495.835914,489.676431,491.872992,62338.750000
2026-01-16 06:00:00+00:00,491.872992,492.311822,490.926370,491.365199,69818.400000
2026-01-16 07:00:00+00:00,491.365199,492.428669,490.513801,491.577271,61879.140000
2026-01-16 08:00:00+00:00,491.577271,498.685739,490.653742,497.762210,59098.060000
2026-01-16 09:00:00+00:00,497.762210,499.743074,492.212110,494.192975,54216.050000
2026-01-16 10:00:00+00:00,494.192975,497.857338,492.938295,496.602658,63015.120000
2026-01-16 11:00:00+00:00,496.602658,497.828239,494.299717,495.525298,72364.440000
2026-01-16 12:00:00+00:00,495.525298,499.320341,494.292273,498.087316,65132.450000
2026-01-16 13:00:00+00:00,498.087316,500.897829,497.654128,500.464641,72945.810000
2026-01-16 14:00:00+00:00,500.464641,502.454019,498.274725,500.264103,59553.790000
2026-01-16 15:00:00+00:00,500.264103,504.890487,498.077170,502.703554,52347.180000
2026-01-16 16:00:00+00:00,502.703554,505.183771,497.975286,500.455503,70736.640000
2026-01-16 17:00:00+00:00,500.455503,501.149590,500.383298,501.077384,76715.720000
2026-01-16 18:00:00+00:00,501.077384,502.328089,499.873894,501.124599,77274.230000
2026-01-16 19:00:00+00:00,501.124599,502.895387,496.767941,498.538729,50538.340000
2026-01-16 20:00:00+00:00,498.538729,498.571960,498.453357,498.486587,44121.290000
2026-01-16 21:00:00+00:00,498.486587,500.109274,496.180039,497.802726,42577.530000
2026-01-16 22:00:00+00:00,497.802726,501.548978,493.073302,496.819554,56636.850000
2026-01-16 23:00:00+00:00,496.819554,496.837285,496.489929,496.507659,42977.060000
2026-01-17 00:00:00+00:00,496.507659,500.443993,496.482285,500.418619,56859.820000
2026-01-17 01:00:00+00:00,500.418619,501.865003,499.407223,500.853607,68478.430000
2026-01-17 02:00:00+00:00,500.853607,504.036136,498.409387,501.591916,70928.190000
2026-01-17 03:00:00+00:00,501.591916,502.998448,498.779259,500.185790,57392.440000
2026-01-17 04:00:00+00:00,500.185790,501.344734,499.550120,500.709064,53565.840000
2026-01-17 05:00:00+00:00,500.709064,502.131537,499.279533,500.702007,50484.930000
2026-01-17 06:00:00+00:00,500.702007,500.713280,500.666209,500.677483,48964.640000
2026-01-17 07:00:00+00:00,500.677483,500.985539,500.412524,500.720580,56252.750000
2026-01-17 08:00:00+00:00,500.720580,501.964605,496.701892,497.945918,49987.000000
2026-01-17 09:00:00+00:00,497.945918,500.471172,496.968118,499.493373,57789.190000
2026-01-17 10:00:00+00:00,499.493373,499.628635,497.737780,497.873042,70891.670000
2026-01-17 11:00:00+00:00,497.873042,498.829507,495.215916,496.172381,42947.180000
2026-01-17 12:00:00+00:00,496.172381,498.750394,488.939565,491.517579,71342.200000
2026-01-17 13:00:00+00:00,491.517579,491.931760,489.560571,489.974752,52715.250000
2026-01-17 14:00:00+00:00,489.974752,494.597473,487.730433,492.353155,57148.930000
2026-01-17 15:00:00+00:00,492.353155,493.169300,492.237403,493.053548,65534.850000
2026-01-17 16:00:00+00:00,493.053548,495.604080,484.924073,487.474605,48032.900000
2026-01-17 17:00:00+00:00,487.474605,489.015076,486.679772,488.220242,58546.370000
2026-01-17 18:00:00+00:00,488.220242,488.350566,484.355945,484.486268,47216.140000
2026-01-17 19:00:00+00:00,484.486268,484.597879,482.648999,482.760610,74849.370000
2026-01-17 20:00:00+00:00,482.760610,483.581906,482.161534,482.982830,48412.810000
2026-01-17 21:00:00+00:00,482.982830,484.309911,479.002046,480.329127,54396.180000
2026-01-17 22:00:00+00:00,480.329127,480.588013,478.793616,479.052502,70421.110000
2026-01-17 23:00:00+00:00,479.052502,481.354792,477.917958,480.220248,71237.040000
2026-01-18 00:00:00+00:00,480.220248,481.072490,479.543262,480.395504,50497.330000
2026-01-18 01:00:00+00:00,480.395504,481.037420,480.083447,480.725364,68632.270000
2026-01-18 02:00:00+00:00,480.725364,481.390573,477.829782,478.494992,70004.960000
2026-01-18 03:00:00+00:00,478.494992,482.698989,477.639311,481.843308,63828.970000
2026-01-18 04:00:00+00:00,481.843308,482.099838,479.577496,479.834026,62473.520000
2026-01-18 05:00:00+00:00,479.834026,480.821229,477.470412,478.457616,49892.900000
2026-01-18 06:00:00+00:00,478.457616,480.743165,477.048959,479.334508,67056.800000
2026-01-18 07:00:00+00:00,479.334508,480.574092,479.195642,480.435226,65353.730000
2026-01-18 08:00:00+00:00,480.435226,484.858002,477.898028,482.320804,54159.180000
2026-01-18 09:00:00+00:00,482.320804,482.643278,481.384832,481.707306,51579.780000
2026-01-18 10:00:00+00:00,481.707306,483.286563,481.265656,482.844912,49220.680000
2026-01-18 11:00:00+00:00,482.844912,488.273024,482.246342,487.674453,50549.620000
2026-01-18 12:00:00+00:00,487.674453,494.548777,484.784468,491.658791,76402.800000
2026-01-18 13:00:00+00:00,491.658791,494.196820,491.569238,494.107267,42926.620000
2026-01-18 14:00:00+00:00,494.107267,496.028611,492.966094,494.887438,56849.510000
2026-01-18 15:00:00+00:00,494.887438,500.831061,492.332399,498.276022,43820.490000
2026-01-18 16:00:00+00:00,498.276022,499.417948,495.762125,496.904050,56054.570000
2026-01-18 17:00:00+00:00,496.904050,498.076421,493.280780,494.453151,71237.210000
2026-01-18 18:00:00+00:00,494.453151,497.617750,491.122292,494.286891,42773.710000
2026-01-18 19:00:00+00:00,494.286891,494.386422,490.939584,491.039115,43189.670000
2026-01-18 20:00:00+00:00,491.039115,493.497681,486.965761,489.424328,49832.120000
2026-01-18 21:00:00+00:00,489.424328,490.311009,488.445158,489.331839,55076.820000
2026-01-18 22:00:00+00:00,489.331839,490.746495,489.072073,490.486729,47207.620000
2026-01-18 23:00:00+00:00,490.486729,492.143212,489.776277,491.432760,63130.470000
2026-01-19 00:00:00+00:00,491.432760,492.909272,486.742998,488.219510,61278.920000
2026-01-19 01:00:00+00:00,488.219510,489.797877,484.787645,486.366012,45180.480000
2026-01-19 02:00:00+00:00,486.366012,489.100784,485.548549,488.283322,77130.680000
2026-01-19 03:00:00+00:00,488.283322,489.448566,487.578980,488.744225,54857.410000
2026-01-19 04:00:00+00:00,488.744225,490.936514,485.681134,487.873423,75123.870000
2026-01-19 05:00:00+00:00,487.873423,489.900608,485.445476,487.472661,44841.350000
2026-01-19 06:00:00+00:00,487.472661,488.915232,486.287375,487.729946,52626.980000
2026-01-19 07:00:00+00:00,487.729946,488.571604,485.467460,486.309117,48849.440000
2026-01-19 08:00:00+00:00,486.309117,487.298647,482.117742,483.107271,63004.770000
2026-01-19 09:00:00+00:00,483.107271,483.377009,481.536651,481.806389,69868.740000
2026-01-19 10:00:00+00:00,481.806389,484.123641,481.054285,483.371538,55975.530000
2026-01-19 11:00:00+00:00,483.371538,484.747079,481.011840,482.387381,53266.140000
2026-01-19 12:00:00+00:00,482.387381,486.216986,480.419116,484.248721,55281.190000
2026-01-19 13:00:00+00:00,484.248721,486.799561,482.835062,485.385901,43645.030000
2026-01-19 14:00:00+00:00,485.385901,486.267709,483.271986,484.153793,62647.090000
2026-01-19 15:00:00+00:00,484.153793,486.819847,480.446045,483.112099,48819.960000
2026-01-19 16:00:00+00:00,483.112099,486.101668,482.110633,485.100202,46563.810000
2026-01-19 17:00:00+00:00,485.100202,488.954239,484.868998,488.723035,75015.850000
2026-01-19 18:00:00+00:00,488.723035,489.208232,488.630965,489.116162,76895.450000
2026-01-19 19:00:00+00:00,489.116162,490.374083,487.239054,488.496975,42960.710000
2026-01-19 20:00:00+00:00,488.496975,491.121088,482.900233,485.524345,48071.920000
2026-01-19 21:00:00+00:00,485.524345,489.929272,484.730643,489.135569,59812.110000
2026-01-19 22:00:00+00:00,489.135569,489.207783,487.616306,487.688519,48115.300000
2026-01-19 23:00:00+00:00,487.688519,493.289090,485.432382,491.032953,66766.860000
2026-01-20 00:00:00+00:00,491.032953,493.335821,489.178632,491.481500,60388.920000
2026-01-20 01:00:00+00:00,491.481500,492.374714,486.229403,487.122617,55898.680000
2026-01-20 02:00:00+00:00,487.122617,488.504801,487.055475,488.437659,74987.370000
2026-01-20 03:00:00+00:00,488.437659,491.142615,487.348765,490.053721,59077.440000
2026-01-20 04:00:00+00:00,490.053721,491.608694,487.810695,489.365667,60582.420000
2026-01-20 05:00:00+00:00,489.365667,490.730352,487.923135,489.287820,67159.230000
2026-01-20 06:00:00+00:00,489.287820,490.726173,486.719546,488.157900,47878.950000
2026-01-20 07:00:00+00:00,488.157900,489.706404,486.375063,487.923567,77199.180000
2026-01-20 08:00:00+00:00,487.923567,488.709179,485.612367,486.397979,71924.050000
2026-01-20 09:00:00+00:00,486.397979,486.557979,485.943981,486.103982,77664.550000
2026-01-20 10:00:00+00:00,486.103982,486.210199,485.562808,485.669026,56448.930000
2026-01-20 11:00:00+00:00,485.669026,486.908858,482.140125,483.379957,54090.770000
2026-01-20 12:00:00+00:00,483.379957,485.255068,481.172236,483.047347,64510.140000
2026-01-20 13:00:00+00:00,483.047347,485.427892,482.822511,485.203056,51552.800000
2026-01-20 14:00:00+00:00,485.203056,486.142436,483.798594,484.737974,77333.310000
2026-01-20 15:00:00+00:00,484.737974,487.170091,479.750250,482.182366,70473.900000
2026-01-20 16:00:00+00:00,482.182366,485.465106,481.822246,485.104986,73651.880000
2026-01-20 17:00:00+00:00,485.104986,485.669580,483.010221,483.574815,64177.190000
2026-01-20 18:00:00+00:00,483.574815,488.081670,480.483015,484.989869,47711.070000
2026-01-20 19:00:00+00:00,484.989869,487.141177,481.391418,483.542726,55660.410000
2026-01-20 20:00:00+00:00,483.542726,485.865502,479.376757,481.699533,51532.490000
2026-01-20 21:00:00+00:00,481.699533,484.626945,481.338080,484.265492,45787.900000
2026-01-20 22:00:00+00:00,484.265492,487.603351,481.913351,485.251210,77989.700000
2026-01-20 23:00:00+00:00,485.251210,487.086143,484.241472,486.076404,55237.500000
2026-01-21 00:00:00+00:00,486.076404,486.642120,484.562327,485.128043,45642.990000
2026-01-21 01:00:00+00:00,485.128043,488.392777,483.484619,486.749352,50352.840000
2026-01-21 02:00:00+00:00,486.749352,489.198166,480.815841,483.264655,55612.270000
2026-01-21 03:00:00+00:00,483.264655,487.130517,479.759356,483.625218,66607.950000
2026-01-21 04:00:00+00:00,483.625218,486.362887,482.177761,484.915431,68724.770000
2026-01-21 05:00:00+00:00,484.915431,484.992801,484.454972,484.532343,57827.580000
2026-01-21 06:00:00+00:00,484.532343,487.588019,482.719567,485.775243,77262.700000
2026-01-21 07:00:00+00:00,485.775243,491.301824,484.713432,490.240013,71315.760000
2026-01-21 08:00:00+00:00,490.240013,493.456918,487.636423,490.853328,68913.420000
2026-01-21 09:00:00+00:00,490.853328,492.746825,490.848650,492.742147,65463.870000
2026-01-21 10:00:00+00:00,492.742147,493.425247,490.979875,491.662975,50567.220000
2026-01-21 11:00:00+00:00,491.662975,492.532830,489.964239,490.834095,42307.040000
2026-01-21 12:00:00+00:00,490.834095,491.428934,489.802349,490.397188,46378.130000
2026-01-21 13:00:00+00:00,490.397188,492.160038,486.600851,488.363700,48223.810000
2026-01-21 14:00:00+00:00,488.363700,490.949082,487.585674,490.171056,49233.630000
2026-01-21 15:00:00+00:00,490.171056,491.414768,488.671317,489.915029,64289.980000
2026-01-21 16:00:00+00:00,489.915029,492.245878,488.401074,490.731923,77533.520000
2026-01-21 17:00:00+00:00,490.731923,492.177271,488.363114,489.808462,52730.090000
2026-01-21 18:00:00+00:00,489.808462,490.899191,489.344022,490.434751,55052.020000
2026-01-21 19:00:00+00:00,490.434751,491.395855,486.396156,487.357260,69022.060000
2026-01-21 20:00:00+00:00,487.357260,488.770283,484.558781,485.971804,58335.520000
2026-01-21 21:00:00+00:00,485.971804,486.785187,485.962595,486.775978,77725.590000
2026-01-21 22:00:00+00:00,486.775978,489.774570,484.153000,487.151591,66536.450000
2026-01-21 23:00:00+00:00,487.151591,488.673944,486.363358,487.885710,45455.780000
2026-01-22 00:00:00+00:00,487.885710,489.078111,484.430913,485.623314,45052.690000
2026-01-22 01:00:00+00:00,485.623314,487.165444,484.834400,486.376530,47703.990000
2026-01-22 02:00:00+00:00,486.376530,490.034818,483.661475,487.319763,60339.000000
2026-01-22 03:00:00+00:00,487.319763,489.205692,487.141290,489.027219,76678.400000
2026-01-22 04:00:00+00:00,489.027219,490.502381,487.891222,489.366384,57597.340000
2026-01-22 05:00:00+00:00,489.366384,492.454650,487.670266,490.758532,65379.460000
2026-01-22 06:00:00+00:00,490.758532,491.486732,490.224180,490.952380,70084.340000
2026-01-22 07:00:00+00:00,490.952380,496.409822,489.732614,495.190056,54651.030000
2026-01-22 08:00:00+00:00,495.190056,497.319615,491.033129,493.162688,52916.210000
2026-01-22 09:00:00+00:00,493.162688,496.693777,488.563686,492.094776,68189.920000
2026-01-22 10:00:00+00:00,492.094776,497.066129,488.148719,493.120072,61876.540000
2026-01-22 11:00:00+00:00,493.120072,494.338954,492.364625,493.583507,51978.120000
2026-01-22 12:00:00+00:00,493.583507,495.946146,492.061762,494.424401,61737.180000
2026-01-22 13:00:00+00:00,494.424401,495.471732,492.717590,493.764921,71883.410000
2026-01-22 14:00:00+00:00,493.764921,497.163746,491.970614,495.369438,55133.060000
2026-01-22 15:00:00+00:00,495.369438,496.537440,492.155281,493.323283,47776.630000
2026-01-22 16:00:00+00:00,493.323283,494.518868,491.257788,492.453373,60387.190000
2026-01-22 17:00:00+00:00,492.453373,496.103624,490.834729,494.484979,59501.400000
2026-01-22 18:00:00+00:00,494.484979,494.979868,494.470153,494.965041,53303.170000
2026-01-22 19:00:00+00:00,494.965041,495.011417,493.229967,493.276342,76042.850000
2026-01-22 20:00:00+00:00,493.276342,495.297501,492.353337,494.374496,53575.590000
2026-01-22 21:00:00+00:00,494.374496,496.031620,491.440701,493.097825,48861.930000
2026-01-22 22:00:00+00:00,493.097825,495.047569,492.937418,494.887162,57456.170000
2026-01-22 23:00:00+00:00,494.887162,499.985216,494.646785,499.744839,48579.350000
2026-01-23 00:00:00+00:00,499.744839,501.680914,498.844640,500.780716,43092.090000
2026-01-23 01:00:00+00:00,500.780716,503.200975,499.706522,502.126781,56446.160000
2026-01-23 02:00:00+00:00,502.126781,503.282985,499.971597,501.127801,71213.620000
2026-01-23 03:00:00+00:00,501.127801,502.253956,500.862523,501.988678,69469.320000
2026-01-23 04:00:00+00:00,501.988678,505.676900,498.082795,501.771017,64227.460000
2026-01-23 05:00:00+00:00,501.771017,503.867372,500.486708,502.583062,51332.390000
2026-01-23 06:00:00+00:00,502.583062,505.025860,501.184900,503.627698,60758.890000
2026-01-23 07:00:00+00:00,503.627698,504.471332,500.781509,501.625144,59354.540000
2026-01-23 08:00:00+00:00,501.625144,502.628097,497.976054,498.979007,77406.720000
2026-01-23 09:00:00+00:00,498.979007,503.562004,495.273784,499.856780,42326.450000
2026-01-23 10:00:00+00:00,499.856780,503.891203,494.500710,498.535132,63241.990000
2026-01-23 11:00:00+00:00,498.535132,500.055533,497.230906,498.751307,66487.290000
2026-01-23 12:00:00+00:00,498.751307,500.459719,494.717790,496.426202,70153.420000
2026-01-23 13:00:00+00:00,496.426202,499.152143,493.688012,496.413953,44333.890000
2026-01-23 14:00:00+00:00,496.413953,497.867401,495.328816,496.782265,68514.720000
2026-01-23 15:00:00+00:00,496.782265,497.686156,496.778937,497.682829,68960.080000
2026-01-23 16:00:00+00:00,497.682829,498.179990,496.192533,496.689694,69594.990000
2026-01-23 17:00:00+00:00,496.689694,499.996184,495.313599,498.620088,63151.160000
2026-01-23 18:00:00+00:00,498.620088,498.878116,494.027284,494.285311,63053.980000
2026-01-23 19:00:00+00:00,494.285311,495.261071,489.423718,490.399478,43024.910000
2026-01-23 20:00:00+00:00,490.399478,491.515087,488.898127,490.013736,57146.980000
2026-01-23 21:00:00+00:00,490.013736,490.891344,488.717193,489.594801,75955.040000
2026-01-23 22:00:00+00:00,489.594801,490.157791,488.126924,488.689914,53185.910000
2026-01-23 23:00:00+00:00,488.689914,490.957914,484.979555,487.247555,45882.530000
2026-01-24 00:00:00+00:00,487.247555,488.719693,485.243506,486.715644,49437.930000
2026-01-24 01:00:00+00:00,486.715644,488.134495,482.579170,483.998022,47742.270000
2026-01-24 02:00:00+00:00,483.998022,485.427585,480.610822,482.040386,67719.020000
2026-01-24 03:00:00+00:00,482.040386,482.736926,477.411850,478.108390,66123.150000
2026-01-24 04:00:00+00:00,478.108390,479.554435,477.133504,478.579548,58742.050000
2026-01-24 05:00:00+00:00,478.579548,481.559506,474.307597,477.287555,74048.750000
2026-01-24 06:00:00+00:00,477.287555,480.297030,475.830001,478.839476,52760.570000
2026-01-24 07:00:00+00:00,478.839476,478.947754,476.847690,476.955968,64673.900000
2026-01-24 08:00:00+00:00,476.955968,478.866107,472.788731,474.698870,63798.370000
2026-01-24 09:00:00+00:00,474.698870,475.723224,471.814321,472.838675,51077.910000
2026-01-24 10:00:00+00:00,472.838675,474.571945,469.393065,471.126336,70698.400000
2026-01-24 11:00:00+00:00,471.126336,472.337570,468.085593,469.296827,46506.620000
2026-01-24 12:00:00+00:00,469.296827,472.858618,469.082484,472.644275,52709.620000
2026-01-24 13:00:00+00:00,472.644275,474.663517,472.418993,474.438235,43822.670000
2026-01-24 14:00:00+00:00,474.438235,474.718825,471.368263,471.648853,55578.820000
2026-01-24 15:00:00+00:00,471.648853,472.682879,470.674062,471.708088,68279.910000
2026-01-24 16:00:00+00:00,471.708088,473.900516,468.926420,471.118848,42582.690000
2026-01-24 17:00:00+00:00,471.118848,473.832077,467.571664,470.284893,66639.590000
2026-01-24 18:00:00+00:00,470.284893,475.960069,468.223730,473.898907,76029.400000
2026-01-24 19:00:00+00:00,473.898907,476.059735,473.563171,475.724000,51429.800000
2026-01-24 20:00:00+00:00,475.724000,479.619061,474.318842,478.213903,63850.400000
2026-01-24 21:00:00+00:00,478.213903,480.705900,477.036905,479.528902,64850.130000
2026-01-24 22:00:00+00:00,479.528902,480.390266,478.848684,479.710047,66416.020000
2026-01-24 23:00:00+00:00,479.710047,480.386333,478.947989,479.624276,54866.130000
2026-01-25 00:00:00+00:00,479.624276,482.457192,476.356047,479.188964,45208.160000
2026-01-25 01:00:00+00:00,479.188964,479.299572,478.645603,478.756212,61632.860000
2026-01-25 02:00:00+00:00,478.756212,482.599295,477.314870,481.157953,46764.840000
2026-01-25 03:00:00+00:00,481.157953,481.221198,478.313767,478.377012,60478.610000
2026-01-25 04:00:00+00:00,478.377012,484.652844,475.369711,481.645542,60167.620000
2026-01-25 05:00:00+00:00,481.645542,482.436894,481.243696,482.035048,76694.900000
2026-01-25 06:00:00+00:00,482.035048,483.469892,478.135366,479.570210,71606.920000
2026-01-25 07:00:00+00:00,479.570210,479.752042,477.972856,478.154688,50364.340000
2026-01-25 08:00:00+00:00,478.154688,479.860686,477.426212,479.132210,72504.850000
2026-01-25 09:00:00+00:00,479.132210,480.148578,476.812398,477.828766,70802.610000
2026-01-25 10:00:00+00:00,477.828766,478.715889,475.532347,476.419470,49408.010000
2026-01-25 11:00:00+00:00,476.419470,478.599078,474.581089,476.760697,51837.490000
2026-01-25 12:00:00+00:00,476.760697,477.265662,475.493122,475.998087,62537.390000
2026-01-25 13:00:00+00:00,475.998087,477.586278,475.800574,477.388765,55867.290000
2026-01-25 14:00:00+00:00,477.388765,478.432833,474.627894,475.671963,58398.620000
2026-01-25 15:00:00+00:00,475.671963,477.303214,475.269529,476.900780,52041.580000
2026-01-25 16:00:00+00:00,476.900780,479.689942,470.657151,473.446313,69335.920000
2026-01-25 17:00:00+00:00,473.446313,473.446441,473.030619,473.030748,42855.540000
2026-01-25 18:00:00+00:00,473.030748,474.976425,471.397869,473.343546,71547.010000
2026-01-25 19:00:00+00:00,473.343546,473.353171,472.865023,472.874649,74318.760000
2026-01-25 20:00:00+00:00,472.874649,473.684304,470.983161,471.792816,56841.010000
2026-01-25 21:00:00+00:00,471.792816,478.564068,468.136759,474.908010,49392.500000
2026-01-25 22:00:00+00:00,474.908010,475.169231,472.108384,472.369604,65565.500000
2026-01-25 23:00:00+00:00,472.369604,472.978493,471.450072,472.058960,49980.550000
2026-01-26 00:00:00+00:00,472.058960,474.149931,470.119772,472.210742,60264.600000
2026-01-26 01:00:00+00:00,472.210742,474.112519,469.788691,471.690468,75038.960000
2026-01-26 02:00:00+00:00,471.690468,472.470459,471.291816,472.071807,69110.430000
2026-01-26 03:00:00+00:00,472.071807,472.198781,471.098236,471.225209,68300.130000
2026-01-26 04:00:00+00:00,471.225209,475.389400,470.410541,474.574732,63931.580000
2026-01-26 05:00:00+00:00,474.574732,475.214775,473.901644,474.541688,45437.730000
2026-01-26 06:00:00+00:00,474.541688,476.591245,474.511299,476.560856,71971.940000
2026-01-26 07:00:00+00:00,476.560856,478.842497,476.182603,478.464244,58661.830000
2026-01-26 08:00:00+00:00,478.464244,479.436349,475.963343,476.935448,68834.370000
2026-01-26 09:00:00+00:00,476.935448,477.601105,473.891077,474.556734,53325.790000
2026-01-26 10:00:00+00:00,474.556734,475.031645,472.247514,472.722425,62739.790000
2026-01-26 11:00:00+00:00,472.722425,473.597481,471.166292,472.041348,69106.810000
2026-01-26 12:00:00+00:00,472.041348,473.692604,471.891804,473.543060,55798.040000
2026-01-26 13:00:00+00:00,473.543060,474.061635,472.364525,472.883100,52742.710000
2026-01-26 14:00:00+00:00,472.883100,473.274602,471.396356,471.787858,73951.730000
2026-01-26 15:00:00+00:00,471.787858,472.766920,470.513124,471.492186,68280.990000
2026-01-26 16:00:00+00:00,471.492186,471.823090,470.301160,470.632064,49488.820000
2026-01-26 17:00:00+00:00,470.632064,470.880460,469.231225,469.479622,63191.520000
2026-01-26 18:00:00+00:00,469.479622,471.293519,467.016601,468.830498,62380.050000
2026-01-26 19:00:00+00:00,468.830498,468.852209,467.672268,467.693979,60512.290000
2026-01-26 20:00:00+00:00,467.693979,469.273325,466.469383,468.048730,46429.000000
2026-01-26 21:00:00+00:00,468.048730,468.608507,466.752947,467.312724,55979.030000
2026-01-26 22:00:00+00:00,467.312724,471.336468,465.172713,469.196457,64992.640000
2026-01-26 23:00:00+00:00,469.196457,470.136669,467.932405,468.872617,64049.870000
2026-01-27 00:00:00+00:00,468.872617,469.505076,468.773286,469.405745,77585.110000
2026-01-27 01:00:00+00:00,469.405745,473.320343,466.685453,470.600050,57108.070000
2026-01-27 02:00:00+00:00,470.600050,474.693279,469.502971,473.596200,50742.100000
2026-01-27 03:00:00+00:00,473.596200,475.521439,471.170481,473.095720,70641.930000
2026-01-27 04:00:00+00:00,473.095720,475.162416,469.775019,471.841715,62236.940000
2026-01-27 05:00:00+00:00,471.841715,475.220303,471.465031,474.843619,73151.040000
2026-01-27 06:00:00+00:00,474.843619,475.619446,471.067179,471.843006,64987.920000
2026-01-27 07:00:00+00:00,471.843006,472.977989,470.559869,471.694853,59919.150000
2026-01-27 08:00:00+00:00,471.694853,472.259690,471.086237,471.651074,68218.760000
2026-01-27 09:00:00+00:00,471.651074,471.762824,468.788473,468.900223,72868.420000
2026-01-27 10:00:00+00:00,468.900223,472.248081,467.962298,471.310156,52331.040000
2026-01-27 11:00:00+00:00,471.310156,472.812474,467.203215,468.705534,68057.430000
2026-01-27 12:00:00+00:00,468.705534,470.548057,466.903022,468.745545,66193.740000
2026-01-27 13:00:00+00:00,468.745545,469.423761,468.571269,469.249485,71397.620000
2026-01-27 14:00:00+00:00,469.249485,471.803504,467.897734,470.451753,50913.200000
2026-01-27 15:00:00+00:00,470.451753,473.887228,468.258215,471.693690,58627.630000
2026-01-27 16:00:00+00:00,471.693690,474.281513,470.089018,472.676841,65331.290000
2026-01-27 17:00:00+00:00,472.676841,475.086437,468.913669,471.323264,66678.510000
2026-01-27 18:00:00+00:00,471.323264,471.658550,468.558587,468.893873,45642.240000
2026-01-27 19:00:00+00:00,468.893873,470.340232,467.194497,468.640856,68192.660000
2026-01-27 20:00:00+00:00,468.640856,469.079734,467.499140,467.938017,57889.460000
2026-01-27 21:00:00+00:00,467.938017,469.323701,464.311555,465.697239,69867.280000
2026-01-27 22:00:00+00:00,465.697239,468.657447,465.163110,468.123319,61443.610000
2026-01-27 23:00:00+00:00,468.123319,468.413410,467.423129,467.713220,76256.850000
2026-01-28 00:00:00+00:00,467.713220,468.805886,467.364743,468.457410,77519.340000
2026-01-28 01:00:00+00:00,468.457410,473.896666,466.778505,472.217762,73473.520000
2026-01-28 02:00:00+00:00,472.217762,472.763938,470.957116,471.503292,71333.710000
2026-01-28 03:00:00+00:00,471.503292,472.747656,469.503173,470.747537,69460.140000
2026-01-28 04:00:00+00:00,470.747537,475.201721,467.109309,471.563493,63450.410000
2026-01-28 05:00:00+00:00,471.563493,475.709558,470.426678,474.572743,68180.390000
2026-01-28 06:00:00+00:00,474.572743,474.992984,471.815279,472.235520,61216.470000
2026-01-28 07:00:00+00:00,472.235520,474.941267,468.031486,470.737233,59059.710000
2026-01-28 08:00:00+00:00,470.737233,477.968082,467.854827,475.085676,62443.660000
2026-01-28 09:00:00+00:00,475.085676,475.391168,473.905784,474.211276,73934.640000
2026-01-28 10:00:00+00:00,474.211276,477.444122,473.009676,476.242523,62312.870000
2026-01-28 11:00:00+00:00,476.242523,480.907516,474.661868,479.326861,58308.190000
2026-01-28 12:00:00+00:00,479.326861,481.668784,478.062723,480.404646,70390.800000
2026-01-28 13:00:00+00:00,480.404646,481.418583,477.211936,478.225874,76519.480000
2026-01-28 14:00:00+00:00,478.225874,482.163486,475.090583,479.028195,50990.980000
2026-01-28 15:00:00+00:00,479.028195,479.352667,478.542573,478.867045,53295.730000
2026-01-28 16:00:00+00:00,478.867045,484.379010,477.408579,482.920544,61320.600000
2026-01-28 17:00:00+00:00,482.920544,482.966768,482.524443,482.570666,67664.920000
2026-01-28 18:00:00+00:00,482.570666,483.787177,480.568519,481.785030,56670.950000
2026-01-28 19:00:00+00:00,481.785030,486.684570,479.091293,483.990832,71949.230000
2026-01-28 20:00:00+00:00,483.990832,486.896855,482.749104,485.655127,61501.220000
2026-01-28 21:00:00+00:00,485.655127,489.984052,483.690708,488.019633,46087.040000
2026-01-28 22:00:00+00:00,488.019633,491.249842,485.221175,488.451384,55961.530000
2026-01-28 23:00:00+00:00,488.451384,488.708872,487.891163,488.148650,55324.030000
2026-01-29 00:00:00+00:00,488.148650,488.315580,487.065943,487.232873,76933.880000
2026-01-29 01:00:00+00:00,487.232873,488.824883,486.893849,488.485859,48609.150000
2026-01-29 02:00:00+00:00,488.485859,489.689803,486.777195,487.981138,69349.760000
2026-01-29 03:00:00+00:00,487.981138,489.779394,487.640873,489.439128,55493.300000
2026-01-29 04:00:00+00:00,489.439128,489.641297,489.373120,489.575288,45557.010000
2026-01-29 05:00:00+00:00,489.575288,493.807129,488.496356,492.728197,51689.030000
2026-01-29 06:00:00+00:00,492.728197,495.564087,487.859220,490.695110,71377.290000
2026-01-29 07:00:00+00:00,490.695110,493.833646,489.781681,492.920216,57505.380000
2026-01-29 08:00:00+00:00,492.920216,493.172440,489.313797,489.566021,55846.780000
2026-01-29 09:00:00+00:00,489.566021,490.240365,489.474502,490.148846,50559.030000
2026-01-29 10:00:00+00:00,490.148846,493.023508,490.059750,492.934412,51119.970000
2026-01-29 11:00:00+00:00,492.934412,496.673048,490.394069,494.132705,55458.490000
2026-01-29 12:00:00+00:00,494.132705,495.182722,493.823222,494.873238,74855.390000
2026-01-29 13:00:00+00:00,494.873238,499.470769,493.679502,498.277032,63031.700000
2026-01-29 14:00:00+00:00,498.277032,500.032682,497.294443,499.050093,51716.180000
2026-01-29 15:00:00+00:00,499.050093,502.816455,495.756739,499.523101,54562.500000
2026-01-29 16:00:00+00:00,499.523101,500.765156,498.945838,500.187893,51466.240000
2026-01-29 17:00:00+00:00,500.187893,503.445689,499.937939,503.195734,77131.510000
2026-01-29 18:00:00+00:00,503.195734,506.080449,502.533011,505.417727,70372.080000
2026-01-29 19:00:00+00:00,505.417727,507.171523,504.031000,505.784796,70033.000000
2026-01-29 20:00:00+00:00,505.784796,506.244877,501.453644,501.913725,57790.960000
2026-01-29 21:00:00+00:00,501.913725,503.390515,499.422174,500.898964,50309.520000
2026-01-29 22:00:00+00:00,500.898964,502.205198,500.010777,501.317012,76627.140000
2026-01-29 23:00:00+00:00,501.317012,501.632101,500.620184,500.935273,74661.770000
2026-01-30 00:00:00+00:00,500.935273,501.174126,496.611929,496.850782,68538.800000
2026-01-30 01:00:00+00:00,496.850782,498.214862,493.054625,494.418705,73031.980000
2026-01-30 02:00:00+00:00,494.418705,497.855541,493.088583,496.525419,50790.970000
2026-01-30 03:00:00+00:00,496.525419,502.729301,494.558337,500.762219,73422.920000
2026-01-30 04:00:00+00:00,500.762219,504.671128,497.370827,501.279736,59965.840000
2026-01-30 05:00:00+00:00,501.279736,503.242687,498.776183,500.739134,75878.460000
2026-01-30 06:00:00+00:00,500.739134,502.650633,496.922609,498.834108,48814.300000
2026-01-30 07:00:00+00:00,498.834108,501.253189,496.123249,498.542330,56146.730000
2026-01-30 08:00:00+00:00,498.542330,499.478307,496.485337,497.421314,65704.460000
2026-01-30 09:00:00+00:00,497.421314,499.190324,494.861987,496.630997,75177.360000
2026-01-30 10:00:00+00:00,496.630997,498.347335,492.011361,493.727700,51591.380000
2026-01-30 11:00:00+00:00,493.727700,495.923640,491.234966,493.430906,52634.840000
2026-01-30 12:00:00+00:00,493.430906,493.807736,492.954264,493.331094,49143.450000
2026-01-30 13:00:00+00:00,493.331094,494.262182,493.191820,494.122907,73458.680000
2026-01-30 14:00:00+00:00,494.122907,496.361750,489.590393,491.829236,65826.940000
2026-01-30 15:00:00+00:00,491.829236,494.635215,486.176883,488.982863,60298.180000
2026-01-30 16:00:00+00:00,488.982863,490.365025,487.220264,488.602426,76116.570000
2026-01-30 17:00:00+00:00,488.602426,489.928324,484.946826,486.272724,48367.620000
2026-01-30 18:00:00+00:00,486.272724,488.273908,485.697751,487.698935,50463.270000
2026-01-30 19:00:00+00:00,487.698935,487.861055,486.970548,487.132668,63576.260000
2026-01-30 20:00:00+00:00,487.132668,489.402628,484.024053,486.294013,60995.820000
2026-01-30 21:00:00+00:00,486.294013,487.296498,480.911096,481.913582,64743.840000
2026-01-30 22:00:00+00:00,481.913582,482.733898,480.764437,481.584754,60342.300000
2026-01-30 23:00:00+00:00,481.584754,483.201361,478.428199,480.044806,56917.020000
2026-01-31 00:00:00+00:00,480.044806,484.927466,479.996128,484.878788,59989.740000
2026-01-31 01:00:00+00:00,484.878788,486.303490,481.363304,482.788006,68545.370000
2026-01-31 02:00:00+00:00,482.788006,483.907161,480.931428,482.050584,47112.440000
2026-01-31 03:00:00+00:00,482.050584,482.143334,477.009370,477.102120,67054.900000
2026-01-31 04:00:00+00:00,477.102120,479.972048,476.243917,479.113845,62307.350000
2026-01-31 05:00:00+00:00,479.113845,480.892831,477.464615,479.243600,43853.980000
2026-01-31 06:00:00+00:00,479.243600,479.334920,477.441004,477.532324,69097.620000
2026-01-31 07:00:00+00:00,477.532324,477.544065,477.289914,477.301655,56727.170000
2026-01-31 08:00:00+00:00,477.301655,478.537320,474.960185,476.195849,76957.990000
2026-01-31 09:00:00+00:00,476.195849,477.277909,475.971112,477.053172,56827.810000
2026-01-31 10:00:00+00:00,477.053172,478.097761,476.873110,477.917699,59985.010000
2026-01-31 11:00:00+00:00,477.917699,478.900895,475.194858,476.178054,61128.600000
2026-01-31 12:00:00+00:00,476.178054,478.768003,475.648820,478.238769,59453.000000
2026-01-31 13:00:00+00:00,478.238769,480.535601,473.156606,475.453438,75808.250000
2026-01-31 14:00:00+00:00,475.453438,478.242989,473.386348,476.175899,55542.800000
2026-01-31 15:00:00+00:00,476.175899,476.436586,474.173528,474.434215,48714.820000
2026-01-31 16:00:00+00:00,474.434215,476.723031,470.476475,472.765291,56758.920000
2026-01-31 17:00:00+00:00,472.765291,472.791348,470.880339,470.906395,60912.840000
2026-01-31 18:00:00+00:00,470.906395,471.783752,470.758507,471.635864,50276.040000
2026-01-31 19:00:00+00:00,471.635864,472.379285,470.438287,471.181709,58436.720000
2026-01-31 20:00:00+00:00,471.181709,474.548861,466.931135,470.298287,49056.070000
2026-01-31 21:00:00+00:00,470.298287,474.485657,468.678345,472.865715,64063.160000
2026-01-31 22:00:00+00:00,472.865715,474.073607,472.391319,473.599212,73361.080000
2026-01-31 23:00:00+00:00,473.599212,477.115279,472.012358,475.528426,54068.700000
2026-02-01 00:00:00+00:00,475.528426,476.477808,473.606753,474.556135,53685.810000
2026-02-01 01:00:00+00:00,474.556135,475.470491,469.968925,470.883281,62638.860000
2026-02-01 02:00:00+00:00,470.883281,474.586738,469.363372,473.066829,61074.640000
2026-02-01 03:00:00+00:00,473.066829,475.415594,468.708012,471.056777,60990.190000
2026-02-01 04:00:00+00:00,471.056777,471.615974,469.701428,470.260625,67175.000000
2026-02-01 05:00:00+00:00,470.260625,474.656439,465.800846,470.196660,66227.610000
2026-02-01 06:00:00+00:00,470.196660,475.134219,468.400172,473.337732,54855.930000
2026-02-01 07:00:00+00:00,473.337732,474.281500,467.412609,468.356377,73123.620000
2026-02-01 08:00:00+00:00,468.356377,474.891450,464.409181,470.944255,173075.940000
2026-02-01 09:00:00+00:00,470.944255,493.063891,461.378925,483.498562,223308.630000
2026-02-01 10:00:00+00:00,483.498562,487.437118,460.777638,464.716193,229757.320000
2026-02-01 11:00:00+00:00,464.716193,470.974276,455.208261,461.466344,190657.060000
2026-02-01 12:00:00+00:00,461.466344,469.924210,452.315632,460.773498,136028.180000
2026-02-01 13:00:00+00:00,460.773498,467.595119,457.887528,464.709149,179929.150000
2026-02-01 14:00:00+00:00,464.709149,472.897340,447.737124,455.925315,138989.060000
2026-02-01 15:00:00+00:00,455.925315,456.531119,453.096136,453.701939,217294.060000
2026-02-01 16:00:00+00:00,453.701939,473.930677,439.579064,459.807802,218920.560000
2026-02-01 17:00:00+00:00,459.807802,462.651051,458.435756,461.279005,188706.950000
2026-02-01 18:00:00+00:00,461.279005,463.188278,456.131925,458.041198,102822.370000
2026-02-01 19:00:00+00:00,458.041198,459.088684,453.237913,454.285399,121872.690000
2026-02-01 20:00:00+00:00,454.285399,457.521883,451.919722,455.156206,115593.380000
2026-02-01 21:00:00+00:00,455.156206,456.003820,446.908891,447.756505,103003.820000
2026-02-01 22:00:00+00:00,447.756505,453.187906,442.262465,447.693866,82690.250000
2026-02-01 23:00:00+00:00,447.693866,451.089052,446.805408,450.200594,106610.820000
2026-02-02 00:00:00+00:00,450.200594,450.913520,449.254031,449.966958,77110.860000
2026-02-02 01:00:00+00:00,449.966958,454.657371,446.277152,450.967565,104309.060000
2026-02-02 02:00:00+00:00,450.967565,455.417324,445.595644,450.045403,115982.500000
2026-02-02 03:00:00+00:00,450.045403,459.470656,444.880351,454.305604,73488.230000
2026-02-02 04:00:00+00:00,454.305604,457.872807,452.738168,456.305370,114031.190000
2026-02-02 05:00:00+00:00,456.305370,464.842629,454.177073,462.714332,105456.630000
2026-02-02 06:00:00+00:00,462.714332,462.900326,462.269730,462.455724,119725.190000
2026-02-02 07:00:00+00:00,462.455724,466.028977,458.560773,462.134026,116089.370000
2026-02-02 08:00:00+00:00,462.134026,469.340212,457.979499,465.185685,125034.230000
2026-02-02 09:00:00+00:00,465.185685,465.683665,460.866760,461.364740,70958.680000
2026-02-02 10:00:00+00:00,461.364740,467.639528,456.618074,462.892862,109814.210000
2026-02-02 11:00:00+00:00,462.892862,467.081587,456.065681,460.254407,99392.350000
2026-02-02 12:00:00+00:00,460.254407,464.347222,456.403870,460.496685,94514.780000
2026-02-02 13:00:00+00:00,460.496685,465.281641,459.425321,464.210277,112810.740000
2026-02-02 14:00:00+00:00,464.210277,468.888389,462.266744,466.944856,101951.390000
2026-02-02 15:00:00+00:00,466.944856,467.676413,466.582835,467.314392,73029.160000
2026-02-02 16:00:00+00:00,467.314392,470.607960,465.447787,468.741355,100722.050000
2026-02-02 17:00:00+00:00,468.741355,476.330053,457.453726,465.042424,82924.370000
2026-02-02 18:00:00+00:00,465.042424,465.858717,464.021464,464.837757,86136.010000
2026-02-02 19:00:00+00:00,464.837757,467.355654,464.198261,466.716157,86995.110000
2026-02-02 20:00:00+00:00,466.716157,468.513344,462.218670,464.015857,86645.410000
2026-02-02 21:00:00+00:00,464.015857,466.314258,459.514634,461.813036,76351.470000
2026-02-02 22:00:00+00:00,461.813036,466.568104,461.517250,466.272318,83994.340000
2026-02-02 23:00:00+00:00,466.272318,468.351342,463.127350,465.206373,75967.080000
2026-02-03 00:00:00+00:00,465.206373,466.290041,459.950231,461.033898,108121.300000
2026-02-03 01:00:00+00:00,461.033898,461.719592,459.159006,459.844701,88548.680000
2026-02-03 02:00:00+00:00,459.844701,459.870430,453.443711,453.469440,116620.200000
2026-02-03 03:00:00+00:00,453.469440,453.483115,450.348921,450.362596,97750.930000
2026-02-03 04:00:00+00:00,450.362596,452.273756,445.495618,447.406778,74557.890000
2026-02-03 05:00:00+00:00,447.406778,448.245476,440.917915,441.756613,87586.180000
2026-02-03 06:00:00+00:00,441.756613,451.223922,441.317506,450.784816,114107.400000
2026-02-03 07:00:00+00:00,450.784816,451.556049,439.595321,440.366554,108803.510000
2026-02-03 08:00:00+00:00,440.366554,443.489808,426.329943,429.453196,103734.430000
2026-02-03 09:00:00+00:00,429.453196,430.988366,425.203715,426.738885,96078.960000
2026-02-03 10:00:00+00:00,426.738885,427.967957,425.458592,426.687664,119605.010000
2026-02-03 11:00:00+00:00,426.687664,434.961238,419.276764,427.550338,114673.590000
2026-02-03 12:00:00+00:00,427.550338,427.929992,427.050575,427.430229,119151.400000
2026-02-03 13:00:00+00:00,427.430229,430.361146,418.023675,420.954592,124629.850000
2026-02-03 14:00:00+00:00,420.954592,421.870749,418.333150,419.249307,93578.800000
2026-02-03 15:00:00+00:00,419.249307,423.594205,415.489493,419.834391,91209.440000
2026-02-03 16:00:00+00:00,419.834391,422.467039,410.570440,413.203088,84572.010000
2026-02-03 17:00:00+00:00,413.203088,413.915156,411.882506,412.594574,86983.350000
2026-02-03 18:00:00+00:00,412.594574,416.485669,404.545291,408.436386,88101.030000
2026-02-03 19:00:00+00:00,408.436386,414.855543,406.139980,412.559137,79311.910000
2026-02-03 20:00:00+00:00,412.559137,413.856001,407.601402,408.898266,69434.720000
2026-02-03 21:00:00+00:00,408.898266,423.621270,403.025791,417.748796,113610.220000
2026-02-03 22:00:00+00:00,417.748796,424.575522,416.276457,423.103184,77837.310000
2026-02-03 23:00:00+00:00,423.103184,424.285495,415.474896,416.657207,109891.300000
2026-02-04 00:00:00+00:00,416.657207,423.716291,410.431394,417.490478,124252.570000
2026-02-04 01:00:00+00:00,417.490478,418.154349,416.467402,417.131274,117082.930000
2026-02-04 02:00:00+00:00,417.131274,423.669561,412.336096,418.874383,90111.830000
2026-02-04 03:00:00+00:00,418.874383,420.317442,410.599768,412.042827,88096.500000
2026-02-04 04:00:00+00:00,412.042827,416.109836,410.371267,414.438276,90693.970000
2026-02-04 05:00:00+00:00,414.438276,418.227126,411.655662,415.444511,76331.680000
2026-02-04 06:00:00+00:00,415.444511,419.047084,414.370310,417.972882,80878.780000
2026-02-04 07:00:00+00:00,417.972882,418.369150,412.606083,413.002351,120705.100000
2026-02-04 08:00:00+00:00,413.002351,414.853531,411.789354,413.640534,75525.600000
2026-02-04 09:00:00+00:00,413.640534,414.196044,410.445329,411.000839,73311.580000
2026-02-04 10:00:00+00:00,411.000839,413.330533,404.476466,406.806161,70243.790000
2026-02-04 11:00:00+00:00,406.806161,413.362222,404.609293,411.165355,101545.580000
2026-02-04 12:00:00+00:00,411.165355,415.372516,410.354924,414.562084,108120.090000
2026-02-04 13:00:00+00:00,414.562084,417.117412,411.982921,414.538249,89860.010000
2026-02-04 14:00:00+00:00,414.538249,419.252453,411.833300,416.547504,107001.560000
2026-02-04 15:00:00+00:00,416.547504,432.886692,413.409727,429.748916,105825.580000
2026-02-04 16:00:00+00:00,429.748916,433.158254,429.051067,432.460405,125829.770000
2026-02-04 17:00:00+00:00,432.460405,436.986220,432.369102,436.894916,109468.660000
2026-02-04 18:00:00+00:00,436.894916,437.714349,428.765634,429.585066,71334.210000
2026-02-04 19:00:00+00:00,429.585066,432.318798,425.877980,428.611711,115532.780000
2026-02-04 20:00:00+00:00,428.611711,431.641882,421.976727,425.006899,87455.430000
2026-02-04 21:00:00+00:00,425.006899,425.759028,423.034551,423.786680,118068.080000
2026-02-04 22:00:00+00:00,423.786680,436.713160,422.442807,435.369287,79685.000000
2026-02-04 23:00:00+00:00,435.369287,441.714347,431.313113,437.658173,115596.480000
2026-02-05 00:00:00+00:00,437.658173,450.068729,430.504434,442.914990,77559.960000
2026-02-05 01:00:00+00:00,442.914990,443.681826,441.847570,442.614406,108926.680000
2026-02-05 02:00:00+00:00,442.614406,447.056297,438.560449,443.002340,119673.690000
2026-02-05 03:00:00+00:00,443.002340,448.327898,437.354466,442.680023,104228.820000
2026-02-05 04:00:00+00:00,442.680023,446.663853,437.437803,441.421633,90219.050000
2026-02-05 05:00:00+00:00,441.421633,443.765725,439.472627,441.816719,125847.030000
2026-02-05 06:00:00+00:00,441.816719,447.055042,438.845630,444.083954,119275.160000
2026-02-05 07:00:00+00:00,444.083954,447.549967,433.120078,436.586092,88226.250000
2026-02-05 08:00:00+00:00,436.586092,439.284620,433.705609,436.404137,118354.230000
2026-02-05 09:00:00+00:00,436.404137,436.931827,436.236923,436.764612,75455.040000
2026-02-05 10:00:00+00:00,436.764612,440.835911,432.280241,436.351540,126405.360000
2026-02-05 11:00:00+00:00,436.351540,444.042677,424.500264,432.191401,78745.080000
2026-02-05 12:00:00+00:00,432.191401,438.057039,431.183647,437.049284,84515.380000
2026-02-05 13:00:00+00:00,437.049284,441.021098,434.602791,438.574605,87735.730000
2026-02-05 14:00:00+00:00,438.574605,439.740914,431.607841,432.774149,93601.020000
2026-02-05 15:00:00+00:00,432.774149,434.926502,431.951727,434.104080,73732.130000
2026-02-05 16:00:00+00:00,434.104080,436.992467,431.840256,434.728643,100010.830000
2026-02-05 17:00:00+00:00,434.728643,449.119520,431.563376,445.954253,96654.380000
2026-02-05 18:00:00+00:00,445.954253,447.856854,443.705876,445.608478,84981.760000
2026-02-05 19:00:00+00:00,445.608478,447.771813,444.534178,446.697513,82849.150000
2026-02-05 20:00:00+00:00,446.697513,451.757835,444.089103,449.149425,91662.430000
2026-02-05 21:00:00+00:00,449.149425,457.755792,443.069722,451.676089,84439.150000
2026-02-05 22:00:00+00:00,451.676089,458.519682,449.759649,456.603242,79726.280000
2026-02-05 23:00:00+00:00,456.603242,460.581105,452.088272,456.066135,111281.800000
2026-02-06 00:00:00+00:00,456.066135,458.145252,447.640422,449.719539,81475.300000
2026-02-06 01:00:00+00:00,449.719539,451.644787,449.695647,451.620896,86115.250000
2026-02-06 02:00:00+00:00,451.620896,453.935046,447.829659,450.143808,70700.790000
2026-02-06 03:00:00+00:00,450.143808,451.519161,448.516402,449.891754,121912.950000
2026-02-06 04:00:00+00:00,449.891754,459.298509,448.840429,458.247184,114396.610000
2026-02-06 05:00:00+00:00,458.247184,462.401638,456.878151,461.032605,85272.700000
2026-02-06 06:00:00+00:00,461.032605,468.550388,457.975269,465.493052,89030.530000
2026-02-06 07:00:00+00:00,465.493052,471.754462,463.560064,469.821474,117483.060000
2026-02-06 08:00:00+00:00,469.821474,469.974911,466.407699,466.561137,78273.480000
2026-02-06 09:00:00+00:00,466.561137,470.257355,462.400598,466.096816,113287.880000
2026-02-06 10:00:00+00:00,466.096816,467.449207,464.543098,465.895489,106831.580000
2026-02-06 11:00:00+00:00,465.895489,476.576392,457.163470,467.844373,115768.770000
2026-02-06 12:00:00+00:00,467.844373,469.083448,467.531142,468.770217,92617.970000
2026-02-06 13:00:00+00:00,468.770217,474.275965,462.670633,468.176381,115796.490000
2026-02-06 14:00:00+00:00,468.176381,472.039611,466.002397,469.865626,75629.810000
2026-02-06 15:00:00+00:00,469.865626,474.265886,468.068434,472.468694,98281.020000
2026-02-06 16:00:00+00:00,472.468694,481.486286,469.892385,478.909978,121940.320000
2026-02-06 17:00:00+00:00,478.909978,479.271405,476.486600,476.848027,123914.060000
2026-02-06 18:00:00+00:00,476.848027,481.122604,470.172698,474.447275,110364.050000
2026-02-06 19:00:00+00:00,474.447275,478.832658,473.891765,478.277148,107274.590000
2026-02-06 20:00:00+00:00,478.277148,481.202122,471.397583,474.322557,123189.990000
2026-02-06 21:00:00+00:00,474.322557,474.458696,469.021261,469.157400,82546.290000
2026-02-06 22:00:00+00:00,469.157400,470.837975,467.142780,468.823354,68279.360000
2026-02-06 23:00:00+00:00,468.823354,472.424491,463.848527,467.449664,71517.420000
2026-02-07 00:00:00+00:00,467.449664,470.875149,465.607007,469.032492,117119.850000
2026-02-07 01:00:00+00:00,469.032492,470.740615,458.805752,460.513875,92219.610000
2026-02-07 02:00:00+00:00,460.513875,462.325182,458.936752,460.748059,81777.820000
2026-02-07 03:00:00+00:00,460.748059,465.212279,452.920369,457.384589,123722.390000
2026-02-07 04:00:00+00:00,457.384589,472.360163,455.681413,470.656987,88980.840000
2026-02-07 05:00:00+00:00,470.656987,473.920760,459.149860,462.413633,97473.970000
2026-02-07 06:00:00+00:00,462.413633,462.940827,454.735433,455.262627,80769.290000
2026-02-07 07:00:00+00:00,455.262627,456.358012,448.613314,449.708699,92223.450000
2026-02-07 08:00:00+00:00,449.708699,457.921358,446.088909,454.301568,104444.960000
2026-02-07 09:00:00+00:00,454.301568,455.891924,449.602342,451.192697,124919.000000
2026-02-07 10:00:00+00:00,451.192697,457.359051,446.925731,453.092085,82331.710000
2026-02-07 11:00:00+00:00,453.092085,466.563981,446.059687,459.531583,71055.280000
2026-02-07 12:00:00+00:00,459.531583,461.368874,454.145627,455.982918,85999.910000
2026-02-07 13:00:00+00:00,455.982918,459.762587,451.268230,455.047900,91050.500000
2026-02-07 14:00:00+00:00,455.047900,459.256265,452.229049,456.437414,101883.160000
2026-02-07 15:00:00+00:00,456.437414,457.717792,453.433074,454.713452,111667.780000
2026-02-07 16:00:00+00:00,454.713452,461.384242,452.401156,459.071946,79535.190000
2026-02-07 17:00:00+00:00,459.071946,465.993398,456.696207,463.617660,96636.500000
2026-02-07 18:00:00+00:00,463.617660,472.055068,459.145595,467.583003,116991.330000
2026-02-07 19:00:00+00:00,467.583003,468.701502,464.527988,465.646487,117520.020000
2026-02-07 20:00:00+00:00,465.646487,469.163744,456.796411,460.313668,94351.840000
2026-02-07 21:00:00+00:00,460.313668,463.187955,458.675665,461.549952,84813.950000
2026-02-07 22:00:00+00:00,461.549952,466.181829,453.014764,457.646641,112201.260000
2026-02-07 23:00:00+00:00,457.646641,462.497688,454.282181,459.133228,83538.860000
2026-02-08 00:00:00+00:00,459.133228,467.292892,455.181089,463.340752,77018.230000
2026-02-08 01:00:00+00:00,463.340752,463.938623,462.362609,462.960479,121886.170000
2026-02-08 02:00:00+00:00,462.960479,465.229580,460.143480,462.412580,102356.950000
2026-02-08 03:00:00+00:00,462.412580,463.394560,460.564095,461.546075,72505.200000
2026-02-08 04:00:00+00:00,461.546075,463.261390,451.842868,453.558183,102354.140000
2026-02-08 05:00:00+00:00,453.558183,460.201802,442.593757,449.237376,99525.450000
2026-02-08 06:00:00+00:00,449.237376,450.891863,448.655264,450.309751,75463.450000
2026-02-08 07:00:00+00:00,450.309751,451.355495,449.395197,450.440941,70564.830000
2026-02-08 08:00:00+00:00,450.440941,451.099870,448.019406,448.678335,65206.240000
2026-02-08 09:00:00+00:00,448.678335,449.818016,448.146567,449.286249,53798.650000
2026-02-08 10:00:00+00:00,449.286249,452.557539,449.228491,452.499781,58702.180000
2026-02-08 11:00:00+00:00,452.499781,452.586747,449.913546,450.000512,47470.770000
2026-02-08 12:00:00+00:00,450.000512,456.626882,446.899925,453.526295,62509.720000
2026-02-08 13:00:00+00:00,453.526295,454.497693,452.786492,453.757889,56556.670000
2026-02-08 14:00:00+00:00,453.757889,455.303575,453.180443,454.726128,59754.770000
2026-02-08 15:00:00+00:00,454.726128,457.337181,452.034333,454.645385,124278.730000
2026-02-08 16:00:00+00:00,454.645385,454.728969,452.879807,452.963391,99258.040000
2026-02-08 17:00:00+00:00,452.963391,459.115681,451.041360,457.193650,85666.900000
2026-02-08 18:00:00+00:00,457.193650,465.326689,454.240391,462.373430,113913.780000
2026-02-08 19:00:00+00:00,462.373430,468.253620,458.680718,464.560909,79989.650000
2026-02-08 20:00:00+00:00,464.560909,469.302718,459.860868,464.602677,83449.910000
2026-02-08 21:00:00+00:00,464.602677,464.815440,463.395513,463.608276,83261.400000
2026-02-08 22:00:00+00:00,463.608276,464.711539,452.579598,453.682861,109591.380000
2026-02-08 23:00:00+00:00,453.682861,460.979829,450.366611,457.663579,120573.370000
2026-02-09 00:00:00+00:00,457.663579,457.682650,455.380841,455.399912,118062.740000
2026-02-09 01:00:00+00:00,455.399912,458.178521,449.023195,451.801804,73346.100000
2026-02-09 02:00:00+00:00,451.801804,464.025888,447.603129,459.827213,109259.500000
2026-02-09 03:00:00+00:00,459.827213,460.456877,459.709870,460.339535,82260.590000
2026-02-09 04:00:00+00:00,460.339535,463.380604,458.706663,461.747732,75817.610000
2026-02-09 05:00:00+00:00,461.747732,473.051829,451.772088,463.076185,170492.520000
2026-02-09 06:00:00+00:00,463.076185,474.664338,457.490705,469.078858,200888.120000
2026-02-09 07:00:00+00:00,469.078858,473.308694,452.727980,456.957815,205905.000000
2026-02-09 08:00:00+00:00,456.957815,469.321520,453.719028,466.082732,183228.800000
2026-02-09 09:00:00+00:00,466.082732,473.286600,446.392695,453.596563,173194.790000
2026-02-09 10:00:00+00:00,453.596563,457.730743,433.955058,438.089238,170278.430000
2026-02-09 11:00:00+00:00,438.089238,445.578440,427.627483,435.116685,159042.830000
2026-02-09 12:00:00+00:00,435.116685,440.941473,421.840395,427.665183,207208.310000
2026-02-09 13:00:00+00:00,427.665183,428.572625,418.136154,419.043596,178176.580000
2026-02-09 14:00:00+00:00,419.043596,433.526016,418.603228,433.085648,159126.940000
2026-02-09 15:00:00+00:00,433.085648,443.819061,422.476945,433.210358,206383.030000
2026-02-09 16:00:00+00:00,433.210358,434.515667,422.647361,423.952670,136715.840000
2026-02-09 17:00:00+00:00,423.952670,427.885358,411.878232,415.810920,208558.470000
2026-02-09 18:00:00+00:00,415.810920,428.189361,408.135590,420.514031,221168.640000
2026-02-09 19:00:00+00:00,420.514031,438.495162,416.785479,434.766610,225477.450000
2026-02-09 20:00:00+00:00,434.766610,440.517724,428.137156,433.888271,182554.990000
2026-02-09 21:00:00+00:00,433.888271,435.010970,419.031910,420.154610,127408.320000
2026-02-09 22:00:00+00:00,420.154610,432.926467,413.758926,426.530784,215966.630000
2026-02-09 23:00:00+00:00,426.530784,432.470177,419.228562,425.167955,229938.770000
2026-02-10 00:00:00+00:00,425.167955,435.729731,416.897366,427.459141,221489.140000
2026-02-10 01:00:00+00:00,427.459141,441.871813,426.397571,440.810244,179385.680000
2026-02-10 02:00:00+00:00,440.810244,440.811529,436.281184,436.282468,201530.840000
2026-02-10 03:00:00+00:00,436.282468,441.585125,428.158833,433.461490,228508.760000
2026-02-10 04:00:00+00:00,433.461490,437.634318,431.802195,435.975023,218389.870000
2026-02-10 05:00:00+00:00,435.975023,442.262702,429.851569,436.139249,163113.470000
2026-02-10 06:00:00+00:00,436.139249,447.271215,431.243802,442.375768,193547.810000
2026-02-10 07:00:00+00:00,442.375768,453.725093,441.519384,452.868708,147362.410000
2026-02-10 08:00:00+00:00,452.868708,471.061242,449.397008,467.589542,225564.290000
2026-02-10 09:00:00+00:00,467.589542,473.413625,463.410611,469.234693,172169.790000
2026-02-10 10:00:00+00:00,469.234693,472.945128,456.772865,460.483300,205491.700000
2026-02-10 11:00:00+00:00,460.483300,460.997809,443.346826,443.861335,152276.350000
2026-02-10 12:00:00+00:00,443.861335,457.422836,417.304637,430.866138,131763.320000
2026-02-10 13:00:00+00:00,430.866138,440.306084,416.207193,425.647140,192682.500000
2026-02-10 14:00:00+00:00,425.647140,432.012239,421.000964,427.366064,180727.980000
2026-02-10 15:00:00+00:00,427.366064,442.839101,419.791371,435.264408,161943.930000
2026-02-10 16:00:00+00:00,435.264408,455.552772,428.195336,448.483700,137949.930000
2026-02-10 17:00:00+00:00,448.483700,453.200394,440.020719,444.737414,128287.450000
2026-02-10 18:00:00+00:00,444.737414,467.062525,432.900040,455.225152,167300.700000
2026-02-10 19:00:00+00:00,455.225152,460.563915,437.708948,443.047711,200682.520000
2026-02-10 20:00:00+00:00,443.047711,451.033735,439.752900,447.738923,210694.840000
2026-02-10 21:00:00+00:00,447.738923,456.868485,440.522305,449.651866,148542.370000
2026-02-10 22:00:00+00:00,449.651866,458.131284,436.750640,445.230057,172124.190000
2026-02-10 23:00:00+00:00,445.230057,465.000596,434.831602,454.602141,199529.670000
2026-02-11 00:00:00+00:00,454.602141,457.790016,446.674743,449.862618,156966.580000
2026-02-11 01:00:00+00:00,449.862618,452.335954,446.478325,448.951661,190799.840000
2026-02-11 02:00:00+00:00,448.951661,451.878004,443.557356,446.483699,133204.020000
2026-02-11 03:00:00+00:00,446.483699,453.818070,441.133780,448.468150,155736.450000
2026-02-11 04:00:00+00:00,448.468150,451.383121,444.074559,446.989530,163068.330000
2026-02-11 05:00:00+00:00,446.989530,454.209255,433.381033,440.600757,160769.900000
2026-02-11 06:00:00+00:00,440.600757,443.785844,427.773387,430.958473,142689.990000
2026-02-11 07:00:00+00:00,430.958473,435.573464,424.407313,429.022304,142276.420000
2026-02-11 08:00:00+00:00,429.022304,433.996795,422.853894,427.828385,189504.680000
2026-02-11 09:00:00+00:00,427.828385,428.803144,421.232222,422.206981,181327.750000
2026-02-11 10:00:00+00:00,422.206981,436.849677,412.062569,426.705265,198061.460000
2026-02-11 11:00:00+00:00,426.705265,441.643005,420.673759,435.611499,158077.050000
2026-02-11 12:00:00+00:00,435.611499,438.876808,430.417271,433.682580,142154.310000
2026-02-11 13:00:00+00:00,433.682580,446.519396,423.380004,436.216820,187445.330000
2026-02-11 14:00:00+00:00,436.216820,442.517560,426.129588,432.430329,206551.260000
2026-02-11 15:00:00+00:00,432.430329,449.904610,420.762665,438.236946,126399.110000
2026-02-11 16:00:00+00:00,438.236946,442.353737,425.160404,429.277195,137882.750000
2026-02-11 17:00:00+00:00,429.277195,452.145849,419.116172,441.984826,154786.890000
2026-02-11 18:00:00+00:00,441.984826,444.795472,438.223257,441.033902,187608.250000
2026-02-11 19:00:00+00:00,441.033902,441.933710,439.541840,440.441647,142389.360000
2026-02-11 20:00:00+00:00,440.441647,440.760804,434.401602,434.720758,142511.360000
2026-02-11 21:00:00+00:00,434.720758,446.457018,430.354301,442.090561,154200.940000
2026-02-11 22:00:00+00:00,442.090561,459.787072,434.424720,452.121231,188927.900000
2026-02-11 23:00:00+00:00,452.121231,453.567793,438.855964,440.302527,153702.040000
2026-02-12 00:00:00+00:00,440.302527,445.237287,430.602589,435.537349,176093.710000
2026-02-12 01:00:00+00:00,435.537349,437.598252,434.928717,436.989620,187805.410000
2026-02-12 02:00:00+00:00,436.989620,442.737949,430.732986,436.481315,177268.250000
2026-02-12 03:00:00+00:00,436.481315,439.798821,430.171982,433.489488,171072.070000
2026-02-12 04:00:00+00:00,433.489488,441.576907,427.500662,435.588081,138343.800000
2026-02-12 05:00:00+00:00,435.588081,450.082984,429.889774,444.384676,217274.460000
2026-02-12 06:00:00+00:00,444.384676,451.429008,424.598927,431.643259,203426.510000
2026-02-12 07:00:00+00:00,431.643259,438.175377,416.120806,422.652924,171239.660000
2026-02-12 08:00:00+00:00,422.652924,425.117607,413.227523,415.692206,128243.530000
2026-02-12 09:00:00+00:00,415.692206,424.662703,403.515141,412.485638,226773.950000
2026-02-12 10:00:00+00:00,412.485638,412.963866,396.143262,396.621491,184570.310000
2026-02-12 11:00:00+00:00,396.621491,408.209817,392.300087,403.888413,211093.810000
2026-02-12 12:00:00+00:00,403.888413,421.708013,397.709157,415.528756,187593.500000
2026-02-12 13:00:00+00:00,415.528756,426.343639,387.154244,397.969126,200506.390000
2026-02-12 14:00:00+00:00,397.969126,409.393866,379.247057,390.671797,178786.730000
2026-02-12 15:00:00+00:00,390.671797,394.973115,374.365121,378.666439,192305.880000
2026-02-12 16:00:00+00:00,378.666439,386.794899,371.695030,379.823490,224510.510000
2026-02-12 17:00:00+00:00,379.823490,394.094458,376.069011,390.339979,207387.730000
2026-02-12 18:00:00+00:00,390.339979,411.409074,383.810241,404.879336,177797.100000
2026-02-12 19:00:00+00:00,404.879336,407.849663,393.526948,396.497276,132242.690000
2026-02-12 20:00:00+00:00,396.497276,398.532416,396.131680,398.166821,164539.320000
2026-02-12 21:00:00+00:00,398.166821,402.549448,373.715047,378.097674,172480.680000
2026-02-12 22:00:00+00:00,378.097674,388.962422,376.384244,387.248991,230431.310000
2026-02-12 23:00:00+00:00,387.248991,402.346372,377.865914,392.963295,128563.340000
2026-02-13 00:00:00+00:00,392.963295,398.303567,380.378450,385.718723,226531.160000
2026-02-13 01:00:00+00:00,385.718723,391.319742,374.243290,379.844309,202336.910000
2026-02-13 02:00:00+00:00,379.844309,384.743440,377.334191,382.233322,145292.340000
2026-02-13 03:00:00+00:00,382.233322,386.673266,369.922986,374.362931,172215.010000
2026-02-13 04:00:00+00:00,374.362931,381.486618,364.696035,371.819722,174467.860000
2026-02-13 05:00:00+00:00,371.819722,374.506243,367.807707,370.494229,182973.990000
2026-02-13 06:00:00+00:00,370.494229,371.718025,367.003430,368.227227,203505.260000
2026-02-13 07:00:00+00:00,368.227227,373.941018,367.584165,373.297956,153460.230000
2026-02-13 08:00:00+00:00,373.297956,381.013864,369.233809,376.949718,161797.090000
2026-02-13 09:00:00+00:00,376.949718,380.272757,368.119925,371.442965,179312.530000
2026-02-13 10:00:00+00:00,371.442965,388.650022,365.178939,382.385997,198926.490000
2026-02-13 11:00:00+00:00,382.385997,385.803265,371.183353,374.600621,166114.720000
2026-02-13 12:00:00+00:00,374.600621,381.691076,366.913578,374.004033,186324.680000
2026-02-13 13:00:00+00:00,374.004033,384.811166,352.748065,363.555198,136813.480000
2026-02-13 14:00:00+00:00,363.555198,366.390923,352.600674,355.436400,212922.700000
2026-02-13 15:00:00+00:00,355.436400,365.112770,349.176364,358.852733,198288.640000
2026-02-13 16:00:00+00:00,358.852733,374.690717,358.559237,374.397221,154076.790000
2026-02-13 17:00:00+00:00,374.397221,379.533964,370.485526,375.622270,206227.080000
2026-02-13 18:00:00+00:00,375.622270,384.834315,373.226747,382.438792,178858.990000
2026-02-13 19:00:00+00:00,382.438792,396.039142,368.648442,382.248791,157123.520000
2026-02-13 20:00:00+00:00,382.248791,396.463446,376.490665,390.705319,226737.060000
2026-02-13 21:00:00+00:00,390.705319,394.903963,381.821045,386.019689,222539.070000
2026-02-13 22:00:00+00:00,386.019689,403.686831,371.164403,388.831545,189281.380000
2026-02-13 23:00:00+00:00,388.831545,394.983195,387.950712,394.102361,164374.640000
2026-02-14 00:00:00+00:00,394.102361,400.136045,390.947979,396.981663,146046.520000
2026-02-14 01:00:00+00:00,396.981663,407.111134,394.494966,404.624438,132997.970000
2026-02-14 02:00:00+00:00,404.624438,415.283080,395.993879,406.652521,160981.310000
2026-02-14 03:00:00+00:00,406.652521,408.694140,393.036492,395.078111,170325.180000
2026-02-14 04:00:00+00:00,395.078111,400.708850,385.982792,391.613530,173569.640000
2026-02-14 05:00:00+00:00,391.613530,408.239296,383.336963,399.962729,163085.120000
2026-02-14 06:00:00+00:00,399.962729,405.349677,394.341638,399.728586,224263.170000
2026-02-14 07:00:00+00:00,399.728586,411.612929,391.484570,403.368913,154723.440000
2026-02-14 08:00:00+00:00,403.368913,425.099454,395.354566,417.085107,153254.710000
2026-02-14 09:00:00+00:00,417.085107,432.749644,411.168960,426.833497,231952.480000
2026-02-14 10:00:00+00:00,426.833497,430.711502,418.731536,422.609541,127394.490000
2026-02-14 11:00:00+00:00,422.609541,432.245487,408.908399,418.544345,146467.430000
2026-02-14 12:00:00+00:00,418.544345,418.863151,417.891915,418.210721,207094.170000
2026-02-14 13:00:00+00:00,418.210721,420.980284,415.125623,417.895186,135646.310000
2026-02-14 14:00:00+00:00,417.895186,429.758072,397.982298,409.845184,149945.500000
2026-02-14 15:00:00+00:00,409.845184,429.988488,407.188456,427.331761,210980.400000
2026-02-14 16:00:00+00:00,427.331761,430.752068,426.420630,429.840937,205463.600000
2026-02-14 17:00:00+00:00,429.840937,438.148524,425.181907,433.489495,226779.110000
2026-02-14 18:00:00+00:00,433.489495,439.802240,433.488270,439.801015,218373.440000
2026-02-14 19:00:00+00:00,439.801015,444.093922,439.168872,443.461779,139778.380000
2026-02-14 20:00:00+00:00,443.461779,445.678235,434.071121,436.287577,178951.130000
2026-02-14 21:00:00+00:00,436.287577,438.292129,429.513831,431.518384,172405.770000
2026-02-14 22:00:00+00:00,431.518384,431.731548,426.817120,427.030285,232442.290000
2026-02-14 23:00:00+00:00,427.030285,438.033416,417.218683,428.221814,220237.050000
2026-02-15 00:00:00+00:00,428.221814,442.009108,413.048419,426.835713,147927.810000
2026-02-15 01:00:00+00:00,426.835713,428.328967,422.485814,423.979068,221558.140000
2026-02-15 02:00:00+00:00,423.979068,426.384424,422.572446,424.977802,171150.150000
2026-02-15 03:00:00+00:00,424.977802,441.173050,415.852826,432.048074,191136.540000
2026-02-15 04:00:00+00:00,432.048074,442.938394,411.926726,422.817046,143002.060000
2026-02-15 05:00:00+00:00,422.817046,432.438614,406.832216,416.453784,209539.310000
2026-02-15 06:00:00+00:00,416.453784,421.301767,406.952655,411.800638,164236.590000
2026-02-15 07:00:00+00:00,411.800638,413.207170,407.497585,408.904117,133120.640000
2026-02-15 08:00:00+00:00,408.904117,412.562114,408.222103,411.880100,194874.100000
2026-02-15 09:00:00+00:00,411.880100,419.498621,387.655737,395.274258,220870.740000
2026-02-15 10:00:00+00:00,395.274258,408.064667,386.977653,399.768062,210491.200000
2026-02-15 11:00:00+00:00,399.768062,402.322318,393.515028,396.069284,211965.750000
2026-02-15 12:00:00+00:00,396.069284,401.192955,384.587645,389.711316,195754.630000
2026-02-15 13:00:00+00:00,389.711316,398.790189,362.485701,371.564574,198080.340000
2026-02-15 14:00:00+00:00,371.564574,386.025243,367.649557,382.110226,155493.420000
2026-02-15 15:00:00+00:00,382.110226,387.939377,372.567661,378.396812,163537.150000
2026-02-15 16:00:00+00:00,378.396812,390.453069,362.172253,374.228510,209791.470000
2026-02-15 17:00:00+00:00,374.228510,376.136950,351.856223,353.764662,144882.560000
2026-02-15 18:00:00+00:00,353.764662,361.457859,330.795473,338.488670,153681.150000
2026-02-15 19:00:00+00:00,338.488670,358.263365,333.356566,353.131261,129148.160000
2026-02-15 20:00:00+00:00,353.131261,361.561087,350.696319,359.126146,169978.100000
2026-02-15 21:00:00+00:00,359.126146,359.710045,346.003074,346.586974,127161.350000
2026-02-15 22:00:00+00:00,346.586974,362.173741,341.682849,357.269617,217872.410000
2026-02-15 23:00:00+00:00,357.269617,366.942065,350.570001,360.242450,150104.880000
2026-02-16 00:00:00+00:00,360.242450,367.169069,357.250726,364.177346,183595.350000
2026-02-16 01:00:00+00:00,364.177346,386.965828,353.836478,376.624960,206810.390000
2026-02-16 02:00:00+00:00,376.624960,384.755244,373.687873,381.818158,188337.890000
2026-02-16 03:00:00+00:00,381.818158,388.964364,381.138186,388.284392,215341.110000
2026-02-16 04:00:00+00:00,388.284392,396.732610,385.889482,394.337700,154919.140000
2026-02-16 05:00:00+00:00,394.337700,406.534383,394.009540,406.206223,135153.250000
2026-02-16 06:00:00+00:00,406.206223,409.904385,403.982792,407.680954,191265.300000
2026-02-16 07:00:00+00:00,407.680954,417.263890,404.642283,414.225218,130377.010000
2026-02-16 08:00:00+00:00,414.225218,424.329530,408.689551,418.793863,162060.070000
2026-02-16 09:00:00+00:00,418.793863,438.832309,405.663376,425.701822,215314.000000
2026-02-16 10:00:00+00:00,425.701822,429.796721,425.139948,429.234847,137688.250000
2026-02-16 11:00:00+00:00,429.234847,442.029828,424.607801,437.402781,174800.930000
2026-02-16 12:00:00+00:00,437.402781,441.214371,426.419282,430.230872,178823.980000
2026-02-16 13:00:00+00:00,430.230872,433.850083,428.077869,431.697080,43694.110000
2026-02-16 14:00:00+00:00,431.697080,436.773542,430.106320,435.182782,53896.230000
2026-02-16 15:00:00+00:00,435.182782,436.644150,435.039250,436.500617,63524.300000
2026-02-16 16:00:00+00:00,436.500617,437.080848,433.973645,434.553875,64847.750000
2026-02-16 17:00:00+00:00,434.553875,436.762818,434.425346,436.634289,60543.400000
2026-02-16 18:00:00+00:00,436.634289,437.093673,436.130903,436.590287,75959.750000
2026-02-16 19:00:00+00:00,436.590287,441.752198,428.652835,433.814746,43418.170000
2026-02-16 20:00:00+00:00,433.814746,436.636342,432.046971,434.868568,53692.040000
2026-02-16 21:00:00+00:00,434.868568,436.994538,434.156535,436.282506,46548.260000
2026-02-16 22:00:00+00:00,436.282506,437.467737,432.736404,433.921635,66346.470000
2026-02-16 23:00:00+00:00,433.921635,434.955271,430.684740,431.718377,67005.590000
2026-02-17 00:00:00+00:00,431.718377,434.391880,430.764874,433.438377,58726.970000
2026-02-17 01:00:00+00:00,433.438377,436.678222,429.114843,432.354689,71420.050000
2026-02-17 02:00:00+00:00,432.354689,432.931115,431.050083,431.626509,66022.250000
2026-02-17 03:00:00+00:00,431.626509,431.644040,430.539054,430.556585,42219.510000
2026-02-17 04:00:00+00:00,430.556585,435.285274,428.570798,433.299487,62617.640000
2026-02-17 05:00:00+00:00,433.299487,435.169261,431.632376,433.502149,44580.530000
2026-02-17 06:00:00+00:00,433.502149,452.512268,421.333412,440.343530,199125.480000
2026-02-17 07:00:00+00:00,440.343530,448.402662,436.142374,444.201506,221441.720000
2026-02-17 08:00:00+00:00,444.201506,446.075830,435.059439,436.933764,162575.240000
2026-02-17 09:00:00+00:00,436.933764,461.282149,434.479713,458.828099,163291.630000
2026-02-17 10:00:00+00:00,458.828099,475.333830,456.310207,472.815939,179624.250000
2026-02-17 11:00:00+00:00,472.815939,475.957509,467.333352,470.474923,209196.330000
2026-02-17 12:00:00+00:00,470.474923,487.040383,449.976916,466.542376,185747.800000
2026-02-17 13:00:00+00:00,466.542376,476.359545,465.047910,474.865079,226441.440000
2026-02-17 14:00:00+00:00,474.865079,484.737279,471.549644,481.421844,143686.920000
2026-02-17 15:00:00+00:00,481.421844,505.776830,469.925357,494.280343,163155.020000
2026-02-17 16:00:00+00:00,494.280343,510.626696,464.827816,481.174169,128155.070000
2026-02-17 17:00:00+00:00,481.174169,493.046157,479.874661,491.746649,163231.110000
2026-02-17 18:00:00+00:00,491.746649,494.213356,490.386721,492.853429,215213.900000
2026-02-17 19:00:00+00:00,492.853429,500.333062,492.621322,500.100955,210532.150000
2026-02-17 20:00:00+00:00,500.100955,504.062753,497.137483,501.099280,156234.000000
2026-02-17 21:00:00+00:00,501.099280,525.814206,487.960081,512.675006,203094.610000
2026-02-17 22:00:00+00:00,512.675006,529.965729,502.896008,520.186730,135074.050000
2026-02-17 23:00:00+00:00,520.186730,521.025592,503.699228,504.538090,191340.790000
2026-02-18 00:00:00+00:00,504.538090,525.109499,498.734635,519.306044,194472.510000
2026-02-18 01:00:00+00:00,519.306044,523.318549,516.018132,520.030637,135460.930000
2026-02-18 02:00:00+00:00,520.030637,535.729400,514.580606,530.279369,137378.890000
2026-02-18 03:00:00+00:00,530.279369,555.457505,510.192361,535.370498,136302.190000
2026-02-18 04:00:00+00:00,535.370498,545.218417,531.146111,540.994030,196957.790000
2026-02-18 05:00:00+00:00,540.994030,550.591842,520.401153,529.998965,200055.180000
2026-02-18 06:00:00+00:00,529.998965,531.029474,529.874051,530.904559,222596.490000
2026-02-18 07:00:00+00:00,530.904559,563.897886,525.567575,558.560902,199880.920000
2026-02-18 08:00:00+00:00,558.560902,570.261558,535.115303,546.815959,230729.750000
2026-02-18 09:00:00+00:00,546.815959,551.290989,545.448542,549.923572,179251.080000
2026-02-18 10:00:00+00:00,549.923572,556.946506,533.900796,540.923730,214784.110000
2026-02-18 11:00:00+00:00,540.923730,552.738962,531.551608,543.366840,208361.830000
2026-02-18 12:00:00+00:00,543.366840,551.877585,541.689575,550.200320,167770.490000
2026-02-18 13:00:00+00:00,550.200320,555.482149,545.149701,550.431530,233463.150000
2026-02-18 14:00:00+00:00,550.431530,573.432224,531.026155,554.026850,144537.410000
2026-02-18 15:00:00+00:00,554.026850,555.502853,540.679539,542.155542,166355.890000
2026-02-18 16:00:00+00:00,542.155542,547.742606,538.452244,544.039308,171254.000000
2026-02-18 17:00:00+00:00,544.039308,558.915591,531.497683,546.373967,151396.600000
2026-02-18 18:00:00+00:00,546.373967,553.624749,538.756497,546.007279,147241.240000
2026-02-18 19:00:00+00:00,546.007279,550.357211,537.201702,541.551634,190738.910000
2026-02-18 20:00:00+00:00,541.551634,550.581555,540.657277,549.687198,157397.980000
2026-02-18 21:00:00+00:00,549.687198,566.153456,544.332804,560.799062,166274.170000
2026-02-18 22:00:00+00:00,560.799062,577.196186,534.597515,550.994639,201405.870000
2026-02-18 23:00:00+00:00,550.994639,564.190827,537.837454,551.033642,126754.710000
2026-02-19 00:00:00+00:00,551.033642,558.004840,526.298854,533.270052,199947.960000
2026-02-19 01:00:00+00:00,533.270052,538.623692,529.784768,535.138408,136459.940000
2026-02-19 02:00:00+00:00,535.138408,556.597969,526.273466,547.733027,177336.280000
2026-02-19 03:00:00+00:00,547.733027,558.329416,541.502843,552.099233,147768.150000
2026-02-19 04:00:00+00:00,552.099233,575.702232,534.948405,558.551405,134033.590000
2026-02-19 05:00:00+00:00,558.551405,574.114822,553.168547,568.731964,131620.170000
2026-02-19 06:00:00+00:00,568.731964,570.872539,547.971790,550.112365,218447.610000
2026-02-19 07:00:00+00:00,550.112365,558.496124,544.017161,552.400920,202213.080000
2026-02-19 08:00:00+00:00,552.400920,556.560271,549.879017,554.038368,163500.190000
2026-02-19 09:00:00+00:00,554.038368,567.825112,531.635105,545.421849,133192.230000
2026-02-19 10:00:00+00:00,545.421849,575.802605,531.678840,562.059596,189915.880000
2026-02-19 11:00:00+00:00,562.059596,573.785982,550.669628,562.396014,192609.840000
2026-02-19 12:00:00+00:00,562.396014,565.696751,538.100560,541.401297,135071.590000
2026-02-19 13:00:00+00:00,541.401297,545.085468,536.767918,540.452088,147041.780000
2026-02-19 14:00:00+00:00,540.452088,545.173914,519.196920,523.918745,127009.020000
2026-02-19 15:00:00+00:00,523.918745,541.637824,523.241289,540.960368,179567.680000
2026-02-19 16:00:00+00:00,540.960368,563.854540,532.601604,555.495776,224800.870000
2026-02-19 17:00:00+00:00,555.495776,567.691700,554.968993,567.164916,222157.840000
2026-02-19 18:00:00+00:00,567.164916,579.645703,558.394840,570.875626,169648.970000
2026-02-19 19:00:00+00:00,570.875626,582.239761,563.230677,574.594811,219318.910000
2026-02-19 20:00:00+00:00,574.594811,584.242396,556.596559,566.244144,186348.540000
2026-02-19 21:00:00+00:00,566.244144,568.297102,558.160480,560.213438,221632.240000
2026-02-19 22:00:00+00:00,560.213438,566.955475,557.268153,564.010191,200282.950000
2026-02-19 23:00:00+00:00,564.010191,587.648948,549.159839,572.798596,233666.190000
2026-02-20 00:00:00+00:00,572.798596,578.536481,562.300092,568.037977,231531.130000
2026-02-20 01:00:00+00:00,568.037977,611.622091,544.921203,588.505318,188306.240000
2026-02-20 02:00:00+00:00,588.505318,592.879384,573.725991,578.100057,140530.780000
2026-02-20 03:00:00+00:00,578.100057,620.771443,559.169262,601.840647,202640.510000
2026-02-20 04:00:00+00:00,601.840647,615.844376,572.793359,586.797088,196530.000000
2026-02-20 05:00:00+00:00,586.797088,592.570213,584.826625,590.599751,227777.430000
2026-02-20 06:00:00+00:00,590.599751,590.929843,589.611809,589.941901,222852.870000
2026-02-20 07:00:00+00:00,589.941901,594.050668,565.153600,569.262366,215433.380000
2026-02-20 08:00:00+00:00,569.262366,574.272763,565.602322,570.612719,183301.810000
2026-02-20 09:00:00+00:00,570.612719,573.027583,568.717345,571.132209,144049.510000
2026-02-20 10:00:00+00:00,571.132209,573.484719,554.074176,556.426685,175124.870000
2026-02-20 11:00:00+00:00,556.426685,579.260671,541.488053,564.322038,185320.250000
2026-02-20 12:00:00+00:00,564.322038,575.685684,549.209618,560.573263,161755.610000
2026-02-20 13:00:00+00:00,560.573263,564.817219,539.720914,543.964870,133126.630000
2026-02-20 14:00:00+00:00,543.964870,554.924403,534.216323,545.175856,182942.340000
2026-02-20 15:00:00+00:00,545.175856,547.084841,539.246800,541.155785,217985.430000
2026-02-20 16:00:00+00:00,541.155785,581.456247,529.178806,569.479268,193536.060000
2026-02-20 17:00:00+00:00,569.479268,585.208903,568.465854,584.195489,218653.340000
2026-02-20 18:00:00+00:00,584.195489,593.527124,562.139789,571.471425,164189.900000
2026-02-20 19:00:00+00:00,571.471425,614.777933,559.795627,603.102136,156112.330000
2026-02-20 20:00:00+00:00,603.102136,647.012682,581.501349,625.411896,145468.400000
2026-02-20 21:00:00+00:00,625.411896,643.974961,600.346817,618.909883,196581.740000
2026-02-20 22:00:00+00:00,618.909883,628.034545,607.719541,616.844203,200775.170000
2026-02-20 23:00:00+00:00,616.844203,634.285933,610.768272,628.210002,144019.870000
2026-02-21 00:00:00+00:00,628.210002,632.303708,619.509966,623.603672,206235.640000
2026-02-21 01:00:00+00:00,623.603672,624.180630,616.168921,616.745880,166334.680000
2026-02-21 02:00:00+00:00,616.745880,633.545382,574.934317,591.733820,165062.570000
2026-02-21 03:00:00+00:00,591.733820,624.011729,549.332633,581.610542,176992.640000
2026-02-21 04:00:00+00:00,581.610542,594.739661,570.870575,583.999694,187573.700000
2026-02-21 05:00:00+00:00,583.999694,590.147195,572.761555,578.909057,165923.140000
2026-02-21 06:00:00+00:00,578.909057,582.040812,570.481995,573.613750,185192.870000
2026-02-21 07:00:00+00:00,573.613750,582.015738,549.012771,557.414758,193689.300000
2026-02-21 08:00:00+00:00,557.414758,571.542075,540.283182,554.410499,186904.370000
2026-02-21 09:00:00+00:00,554.410499,566.329164,547.883962,559.802627,209564.640000
2026-02-21 10:00:00+00:00,559.802627,565.632362,554.676032,560.505767,196936.550000
2026-02-21 11:00:00+00:00,560.505767,579.181862,541.548529,560.224624,172361.970000
2026-02-21 12:00:00+00:00,560.224624,565.132246,546.017927,550.925549,171995.420000
2026-02-21 13:00:00+00:00,550.925549,571.312120,533.688849,554.075420,154457.940000
2026-02-21 14:00:00+00:00,554.075420,561.782457,537.045195,544.752233,183182.480000
2026-02-21 15:00:00+00:00,544.752233,550.073636,534.554482,539.875886,187510.590000
2026-02-21 16:00:00+00:00,539.875886,560.459200,536.240917,556.824231,228840.270000
2026-02-21 17:00:00+00:00,556.824231,559.809519,549.068695,552.053983,108643.160000
2026-02-21 18:00:00+00:00,552.053983,566.536431,549.354930,563.837377,79507.370000
2026-02-21 19:00:00+00:00,563.837377,568.301808,558.577521,563.041952,120494.250000
2026-02-21 20:00:00+00:00,563.041952,566.865375,559.252136,563.075559,80126.320000
2026-02-21 21:00:00+00:00,563.075559,566.970585,558.905887,562.800912,71919.510000
2026-02-21 22:00:00+00:00,562.800912,569.873044,559.119296,566.191428,94386.650000
2026-02-21 23:00:00+00:00,566.191428,588.996645,559.632382,582.437599,104103.410000
2026-02-22 00:00:00+00:00,582.437599,591.469829,581.232376,590.264606,70648.590000
2026-02-22 01:00:00+00:00,590.264606,592.647451,586.403844,588.786689,78266.860000
2026-02-22 02:00:00+00:00,588.786689,591.502925,583.753144,586.469380,96854.300000
2026-02-22 03:00:00+00:00,586.469380,587.798078,585.773967,587.102665,103569.990000
2026-02-22 04:00:00+00:00,587.102665,594.862454,585.312868,593.072657,89063.680000
2026-02-22 05:00:00+00:00,593.072657,600.055691,581.619488,588.602522,110900.270000
2026-02-22 06:00:00+00:00,588.602522,595.808776,580.670502,587.876756,111910.920000
2026-02-22 07:00:00+00:00,587.876756,595.154938,575.229633,582.507816,117000.430000
2026-02-22 08:00:00+00:00,582.507816,585.085590,571.861912,574.439686,73992.660000
2026-02-22 09:00:00+00:00,574.439686,577.545999,569.584566,572.690879,102588.900000
2026-02-22 10:00:00+00:00,572.690879,578.647837,569.558455,575.515413,74256.150000
2026-02-22 11:00:00+00:00,575.515413,580.638868,573.589856,578.713312,73702.870000
2026-02-22 12:00:00+00:00,578.713312,579.406827,573.454770,574.148284,74761.770000
2026-02-22 13:00:00+00:00,574.148284,588.050701,565.102695,579.005111,114060.640000
2026-02-22 14:00:00+00:00,579.005111,581.071455,572.023423,574.089766,125356.220000
2026-02-22 15:00:00+00:00,574.089766,577.566652,571.106389,574.583275,79748.910000
2026-02-22 16:00:00+00:00,574.583275,585.670106,571.642693,582.729525,113093.910000
2026-02-22 17:00:00+00:00,582.729525,583.933683,577.091508,578.295666,77722.990000
2026-02-22 18:00:00+00:00,578.295666,581.102740,570.156479,572.963553,122433.840000
2026-02-22 19:00:00+00:00,572.963553,574.503147,565.486420,567.026014,68742.220000
2026-02-22 20:00:00+00:00,567.026014,567.785279,565.393178,566.152443,70861.190000
2026-02-22 21:00:00+00:00,566.152443,577.303446,556.642779,567.793782,95492.440000
2026-02-22 22:00:00+00:00,567.793782,569.329486,563.921501,565.457204,100709.830000
2026-02-22 23:00:00+00:00,565.457204,567.486190,559.390985,561.419972,119644.520000
2026-02-23 00:00:00+00:00,561.419972,565.017382,557.442878,561.040288,81036.590000
2026-02-23 01:00:00+00:00,561.040288,563.690696,558.370009,561.020417,120339.110000
2026-02-23 02:00:00+00:00,561.020417,573.696617,557.646303,570.322503,75983.300000
2026-02-23 03:00:00+00:00,570.322503,571.012309,569.596162,570.285968,105816.630000
2026-02-23 04:00:00+00:00,570.285968,574.882300,566.214763,570.811094,79264.650000
2026-02-23 05:00:00+00:00,570.811094,571.065977,569.141510,569.396393,84214.170000
2026-02-23 06:00:00+00:00,569.396393,576.109728,568.608462,575.321797,115365.210000
2026-02-23 07:00:00+00:00,575.321797,583.461078,569.242813,577.382094,75946.750000
2026-02-23 08:00:00+00:00,577.382094,582.997916,572.884049,578.499871,124250.950000
2026-02-23 09:00:00+00:00,578.499871,578.746838,572.887329,573.134296,75881.130000
2026-02-23 10:00:00+00:00,573.134296,579.440772,568.465963,574.772440,82186.880000
2026-02-23 11:00:00+00:00,574.772440,575.005508,568.062486,568.295554,119930.960000
2026-02-23 12:00:00+00:00,568.295554,569.419381,562.448434,563.572260,113928.290000
2026-02-23 13:00:00+00:00,563.572260,568.963623,557.698247,563.089610,110913.520000
2026-02-23 14:00:00+00:00,563.089610,567.892136,550.708467,555.510993,108517.090000
2026-02-23 15:00:00+00:00,555.510993,557.323296,546.840080,548.652382,84513.430000
2026-02-23 16:00:00+00:00,548.652382,550.173331,546.437848,547.958796,123100.950000
2026-02-23 17:00:00+00:00,547.958796,561.649348,544.044003,557.734555,123416.550000
2026-02-23 18:00:00+00:00,557.734555,561.397387,555.524996,559.187828,124276.550000
2026-02-23 19:00:00+00:00,559.187828,560.390173,558.743812,559.946157,93872.130000
2026-02-23 20:00:00+00:00,559.946157,563.839958,552.257783,556.151583,68918.750000
2026-02-23 21:00:00+00:00,556.151583,561.274106,545.648680,550.771202,78556.570000
2026-02-23 22:00:00+00:00,550.771202,556.873380,549.034963,555.137142,104151.340000
2026-02-23 23:00:00+00:00,555.137142,556.417246,549.051536,550.331641,101994.370000
2026-02-24 00:00:00+00:00,550.331641,552.140951,539.927863,541.737172,93273.100000
2026-02-24 01:00:00+00:00,541.737172,545.786930,536.847142,540.896900,79885.130000
2026-02-24 02:00:00+00:00,540.896900,544.314825,529.731756,533.149681,106455.180000
2026-02-24 03:00:00+00:00,533.149681,535.235523,531.867286,533.953128,106751.010000
2026-02-24 04:00:00+00:00,533.953128,540.714920,533.099375,539.861167,95365.380000
2026-02-24 05:00:00+00:00,539.861167,555.072897,534.438286,549.650017,101610.670000
2026-02-24 06:00:00+00:00,549.650017,565.957452,544.499163,560.806599,109975.600000
2026-02-24 07:00:00+00:00,560.806599,563.313305,557.654600,560.161307,108003.710000
2026-02-24 08:00:00+00:00,560.161307,561.140051,556.361738,557.340483,94416.700000
2026-02-24 09:00:00+00:00,557.340483,568.645095,552.736952,564.041564,70398.370000
2026-02-24 10:00:00+00:00,564.041564,567.755973,559.764863,563.479272,78703.060000
2026-02-24 11:00:00+00:00,563.479272,567.656213,552.480477,556.657418,93123.390000
2026-02-24 12:00:00+00:00,556.657418,560.737437,554.999615,559.079633,107740.350000
2026-02-24 13:00:00+00:00,559.079633,564.475561,554.380478,559.776405,98468.530000
2026-02-24 14:00:00+00:00,559.776405,561.301492,552.091852,553.616939,72475.770000
2026-02-24 15:00:00+00:00,553.616939,554.349741,549.507812,550.240614,68949.980000
2026-02-24 16:00:00+00:00,550.240614,552.870845,543.255745,545.885976,78185.290000
2026-02-24 17:00:00+00:00,545.885976,549.054415,540.327910,543.496349,124227.970000
2026-02-24 18:00:00+00:00,543.496349,552.854524,532.566955,541.925129,87162.610000
2026-02-24 19:00:00+00:00,541.925129,542.207649,533.067999,533.350518,114833.450000
2026-02-24 20:00:00+00:00,533.350518,547.667604,527.761769,542.078855,70015.540000
2026-02-24 21:00:00+00:00,542.078855,551.289682,533.961163,543.171990,103456.210000
2026-02-24 22:00:00+00:00,543.171990,545.207828,538.408129,540.443967,112026.300000
2026-02-24 23:00:00+00:00,540.443967,540.545272,533.267001,533.368307,78482.620000
2026-02-25 00:00:00+00:00,533.368307,537.951138,524.714774,529.297605,80332.030000
2026-02-25 01:00:00+00:00,529.297605,536.556077,523.600519,530.858991,78776.220000
2026-02-25 02:00:00+00:00,530.858991,535.730686,527.404416,532.276111,100432.250000
2026-02-25 03:00:00+00:00,532.276111,543.446201,522.315007,533.485096,87324.310000
2026-02-25 04:00:00+00:00,533.485096,535.132965,530.870846,532.518716,75189.590000
2026-02-25 05:00:00+00:00,532.518716,534.899898,530.044124,532.425306,119974.830000
2026-02-25 06:00:00+00:00,532.425306,539.278464,532.227583,539.080742,77084.040000
2026-02-25 07:00:00+00:00,539.080742,539.770841,536.440894,537.130993,87984.860000
2026-02-25 08:00:00+00:00,537.130993,544.217982,531.588311,538.675300,112355.820000
2026-02-25 09:00:00+00:00,538.675300,539.501598,528.907089,529.733387,118025.840000
2026-02-25 10:00:00+00:00,529.733387,533.899261,529.228709,533.394582,83861.150000
2026-02-25 11:00:00+00:00,533.394582,536.839589,528.900886,532.345892,98499.670000
2026-02-25 12:00:00+00:00,532.345892,538.914964,531.122006,537.691078,77662.010000
2026-02-25 13:00:00+00:00,537.691078,538.954646,536.411697,537.675265,99979.960000
2026-02-25 14:00:00+00:00,537.675265,538.865994,529.241008,530.431736,119869.390000
2026-02-25 15:00:00+00:00,530.431736,533.452619,525.823112,528.843994,113308.550000
2026-02-25 16:00:00+00:00,528.843994,529.741754,525.556299,526.454058,117666.580000
2026-02-25 17:00:00+00:00,526.454058,532.676430,524.158632,530.381005,110201.220000
2026-02-25 18:00:00+00:00,530.381005,536.164632,527.331227,533.114855,79976.490000
2026-02-25 19:00:00+00:00,533.114855,533.744215,531.246340,531.875700,78473.780000
2026-02-25 20:00:00+00:00,531.875700,534.432673,521.923220,524.480193,118598.010000
2026-02-25 21:00:00+00:00,524.480193,525.462578,518.387472,519.369857,72002.390000
2026-02-25 22:00:00+00:00,519.369857,522.408894,511.958154,514.997190,104007.770000
2026-02-25 23:00:00+00:00,514.997190,520.934431,507.140022,513.077264,91031.770000
2026-02-26 00:00:00+00:00,513.077264,518.551245,508.835600,514.309581,118722.050000
2026-02-26 01:00:00+00:00,514.309581,523.310326,503.106544,512.107290,92428.400000
2026-02-26 02:00:00+00:00,512.107290,520.578545,510.811246,519.282501,105162.550000
2026-02-26 03:00:00+00:00,519.282501,532.244880,514.808960,527.771339,125388.260000
2026-02-26 04:00:00+00:00,527.771339,528.633415,523.861190,524.723266,126367.220000
2026-02-26 05:00:00+00:00,524.723266,536.150837,521.132143,532.559714,105732.950000
2026-02-26 06:00:00+00:00,532.559714,539.081494,523.654178,530.175958,119778.500000
2026-02-26 07:00:00+00:00,530.175958,533.081722,529.806149,532.711913,114365.580000
2026-02-26 08:00:00+00:00,532.711913,537.871192,529.219420,534.378698,110886.280000
2026-02-26 09:00:00+00:00,534.378698,541.524250,529.342151,536.487703,113966.460000
2026-02-26 10:00:00+00:00,536.487703,541.137917,533.430799,538.081013,109789.970000
2026-02-26 11:00:00+00:00,538.081013,543.271096,526.892245,532.082328,78826.970000
2026-02-26 12:00:00+00:00,532.082328,540.892459,531.365293,540.175424,115635.160000
2026-02-26 13:00:00+00:00,540.175424,547.915313,539.283158,547.023046,121237.300000
2026-02-26 14:00:00+00:00,547.023046,551.813582,537.500199,542.290735,86095.530000
2026-02-26 15:00:00+00:00,542.290735,554.268672,537.689376,549.667312,118166.350000
2026-02-26 16:00:00+00:00,549.667312,550.988531,547.953236,549.274455,80296.840000
2026-02-26 17:00:00+00:00,549.274455,552.772492,538.082852,541.580889,86531.170000
2026-02-26 18:00:00+00:00,541.580889,556.539622,537.101375,552.060108,98041.230000
2026-02-26 19:00:00+00:00,552.060108,553.316129,547.203566,548.459587,85975.990000
2026-02-26 20:00:00+00:00,548.459587,562.991148,539.250358,553.781920,120769.530000
2026-02-26 21:00:00+00:00,553.781920,562.857116,552.913274,561.988470,119832.770000
2026-02-26 22:00:00+00:00,561.988470,567.521264,557.061970,562.594764,108090.040000
2026-02-26 23:00:00+00:00,562.594764,565.149966,556.190896,558.746098,81269.010000
2026-02-27 00:00:00+00:00,558.746098,558.777531,554.185011,554.216444,116518.830000
2026-02-27 01:00:00+00:00,554.216444,558.822697,553.003242,557.609495,81167.470000
2026-02-27 02:00:00+00:00,557.609495,558.806874,551.792868,552.990248,111048.590000
2026-02-27 03:00:00+00:00,552.990248,557.322063,552.119442,556.451257,100959.790000
2026-02-27 04:00:00+00:00,556.451257,559.020347,548.281705,550.850795,88798.910000
2026-02-27 05:00:00+00:00,550.850795,554.453524,543.729243,547.331972,97968.060000
2026-02-27 06:00:00+00:00,547.331972,551.133692,545.450744,549.252464,93051.190000
2026-02-27 07:00:00+00:00,549.252464,554.060047,543.936974,548.744557,124991.710000
2026-02-27 08:00:00+00:00,548.744557,549.412061,547.694248,548.361752,85045.090000
2026-02-27 09:00:00+00:00,548.361752,548.576750,545.357681,545.572679,76013.400000
2026-02-27 10:00:00+00:00,545.572679,552.639881,541.144407,548.211609,70782.270000
2026-02-27 11:00:00+00:00,548.211609,552.539551,536.441112,540.769054,78337.140000
2026-02-27 12:00:00+00:00,540.769054,540.833035,538.444729,538.508711,94095.770000
2026-02-27 13:00:00+00:00,538.508711,542.232528,529.936067,533.659885,112597.230000
2026-02-27 14:00:00+00:00,533.659885,536.406154,525.833837,528.580107,76097.520000
2026-02-27 15:00:00+00:00,528.580107,534.891406,524.415249,530.726548,110496.230000
2026-02-27 16:00:00+00:00,530.726548,532.236191,521.912337,523.421980,115485.390000
2026-02-27 17:00:00+00:00,523.421980,527.150702,520.265756,523.994478,98880.550000
2026-02-27 18:00:00+00:00,523.994478,529.766258,522.491169,528.262949,115079.270000
2026-02-27 19:00:00+00:00,528.262949,530.086639,522.297821,524.121510,108984.860000
2026-02-27 20:00:00+00:00,524.121510,528.724323,515.495199,520.098011,91614.300000
2026-02-27 21:00:00+00:00,520.098011,523.702716,519.198513,522.803218,119619.180000
2026-02-27 22:00:00+00:00,522.803218,529.941222,519.272941,526.410945,121655.680000
2026-02-27 23:00:00+00:00,526.410945,528.974038,523.189561,525.752654,108248.680000
2026-02-28 00:00:00+00:00,525.752654,526.634512,522.110986,522.992844,89799.710000
2026-02-28 01:00:00+00:00,522.992844,530.200756,511.397886,518.605798,73409.190000
2026-02-28 02:00:00+00:00,518.605798,520.671878,515.218729,517.284809,118609.490000
2026-02-28 03:00:00+00:00,517.284809,518.178167,509.593709,510.487067,104332.900000
2026-02-28 04:00:00+00:00,510.487067,511.995056,503.293233,504.801222,75954.370000
2026-02-28 05:00:00+00:00,504.801222,509.747837,499.959443,504.906058,74139.060000
2026-02-28 06:00:00+00:00,504.906058,506.510688,504.408662,506.013292,92515.420000
2026-02-28 07:00:00+00:00,506.013292,508.357848,498.523390,500.867946,100034.950000
2026-02-28 08:00:00+00:00,500.867946,503.011878,497.975479,500.119411,101699.260000
2026-02-28 09:00:00+00:00,500.119411,508.269009,497.456211,505.605809,68761.930000
2026-02-28 10:00:00+00:00,505.605809,514.136382,505.386626,513.917198,81636.000000
2026-02-28 11:00:00+00:00,513.917198,514.744762,509.104768,509.932332,125313.020000
2026-02-28 12:00:00+00:00,509.932332,511.531904,505.989933,507.589505,77586.920000
2026-02-28 13:00:00+00:00,507.589505,511.092617,505.394341,508.897453,104742.390000
2026-02-28 14:00:00+00:00,508.897453,520.434547,500.916514,512.453608,110004.920000
2026-02-28 15:00:00+00:00,512.453608,512.628629,510.978778,511.153799,82668.740000
2026-02-28 16:00:00+00:00,511.153799,513.382286,503.487250,505.715737,117297.770000
2026-02-28 17:00:00+00:00,505.715737,508.162813,502.538394,504.985471,68979.180000
2026-02-28 18:00:00+00:00,504.985471,507.960738,498.659124,501.634391,86341.310000
2026-02-28 19:00:00+00:00,501.634391,508.871382,493.329840,500.566830,96008.290000
2026-02-28 20:00:00+00:00,500.566830,507.643370,497.117471,504.194010,112360.780000
2026-02-28 21:00:00+00:00,504.194010,533.972474,487.994575,517.773040,212845.120000
2026-02-28 22:00:00+00:00,517.773040,518.458805,517.506046,518.191812,172523.260000
2026-02-28 23:00:00+00:00,518.191812,529.997537,513.503741,525.309466,231641.700000
2026-03-01 00:00:00+00:00,525.309466,540.024164,506.928853,521.643551,196443.670000
2026-03-01 01:00:00+00:00,521.643551,533.827695,516.938695,529.122839,216923.360000
2026-03-01 02:00:00+00:00,529.122839,531.244893,523.523526,525.645580,202052.420000
2026-03-01 03:00:00+00:00,525.645580,566.241813,520.142364,560.738597,211925.360000
2026-03-01 04:00:00+00:00,560.738597,572.134119,558.413901,569.809423,208831.000000
2026-03-01 05:00:00+00:00,569.809423,578.267458,560.242798,568.700832,213749.990000
2026-03-01 06:00:00+00:00,568.700832,585.842282,564.806843,581.948293,189303.550000
2026-03-01 07:00:00+00:00,581.948293,587.556826,568.478130,574.086663,192324.050000
2026-03-01 08:00:00+00:00,574.086663,603.050722,570.541586,599.505645,178344.320000
2026-03-01 09:00:00+00:00,599.505645,608.145558,575.793104,584.433017,232770.820000
2026-03-01 10:00:00+00:00,584.433017,603.018323,578.652753,597.238060,229897.890000
2026-03-01 11:00:00+00:00,597.238060,607.111208,577.669436,587.542584,199208.800000
2026-03-01 12:00:00+00:00,587.542584,599.371761,576.370156,588.199333,189809.190000
2026-03-01 13:00:00+00:00,588.199333,590.139205,574.401342,576.341213,193132.490000
2026-03-01 14:00:00+00:00,576.341213,582.720997,557.980431,564.360215,170317.990000
2026-03-01 15:00:00+00:00,564.360215,571.106426,559.275781,566.021992,196633.360000
2026-03-01 16:00:00+00:00,566.021992,566.269750,559.941930,560.189688,141380.800000
2026-03-01 17:00:00+00:00,560.189688,569.909833,549.139177,558.859321,187028.910000
2026-03-01 18:00:00+00:00,558.859321,579.778867,558.208380,579.127926,160164.430000
2026-03-01 19:00:00+00:00,579.127926,593.983280,577.861218,592.716572,137912.380000
2026-03-01 20:00:00+00:00,592.716572,600.078414,588.014928,595.376770,153851.040000
2026-03-01 21:00:00+00:00,595.376770,626.574848,591.017647,622.215725,163416.370000
2026-03-01 22:00:00+00:00,622.215725,625.128822,603.434661,606.347758,223481.620000
2026-03-01 23:00:00+00:00,606.347758,626.269210,604.833062,624.754514,140330.590000
2026-03-02 00:00:00+00:00,624.754514,644.182645,602.407452,621.835583,148508.840000
2026-03-02 01:00:00+00:00,621.835583,623.543050,611.721074,613.428540,133918.760000
2026-03-02 02:00:00+00:00,613.428540,644.371242,590.122373,621.065075,145654.690000
2026-03-02 03:00:00+00:00,621.065075,641.979223,585.819467,606.733615,170444.280000
2026-03-02 04:00:00+00:00,606.733615,610.725229,600.485934,604.477548,140051.250000
2026-03-02 05:00:00+00:00,604.477548,609.335855,588.825634,593.683942,212030.540000
2026-03-02 06:00:00+00:00,593.683942,618.197906,582.923814,607.437778,196951.200000
2026-03-02 07:00:00+00:00,607.437778,624.749413,604.457056,621.768691,226525.370000
2026-03-02 08:00:00+00:00,621.768691,629.999752,615.136440,623.367501,135622.590000
2026-03-02 09:00:00+00:00,623.367501,640.185168,621.588596,638.406262,221423.060000
2026-03-02 10:00:00+00:00,638.406262,649.692701,626.362057,637.648496,199237.030000
2026-03-02 11:00:00+00:00,637.648496,646.157998,629.543800,638.053302,145020.990000
2026-03-02 12:00:00+00:00,638.053302,646.960895,631.473848,640.381440,174101.610000
2026-03-02 13:00:00+00:00,640.381440,644.294927,634.526626,638.440113,212498.400000
2026-03-02 14:00:00+00:00,638.440113,669.358162,627.952070,658.870120,179704.150000
2026-03-02 15:00:00+00:00,658.870120,690.257615,637.391039,668.778534,171489.500000
2026-03-02 16:00:00+00:00,668.778534,678.904509,662.003328,672.129302,193051.940000
2026-03-02 17:00:00+00:00,672.129302,679.987450,644.485269,652.343417,167378.280000
2026-03-02 18:00:00+00:00,652.343417,654.139714,621.278701,623.074998,176605.700000
2026-03-02 19:00:00+00:00,623.074998,627.514576,598.356832,602.796410,167988.840000
2026-03-02 20:00:00+00:00,602.796410,625.940330,596.666558,619.810478,184509.890000
2026-03-02 21:00:00+00:00,619.810478,643.671261,615.331748,639.192531,183279.880000
2026-03-02 22:00:00+00:00,639.192531,647.449931,634.271484,642.528884,213889.930000
2026-03-02 23:00:00+00:00,642.528884,650.749735,600.505109,608.725960,197421.680000
2026-03-03 00:00:00+00:00,608.725960,610.407785,604.338284,606.020109,135630.420000
2026-03-03 01:00:00+00:00,606.020109,608.391602,605.171968,607.543461,157041.650000
2026-03-03 02:00:00+00:00,607.543461,636.410990,594.433502,623.301030,167363.870000
2026-03-03 03:00:00+00:00,623.301030,663.372689,602.205044,642.276702,163278.080000
2026-03-03 04:00:00+00:00,642.276702,654.060291,636.374016,648.157605,176490.950000
2026-03-03 05:00:00+00:00,648.157605,652.998276,632.310572,637.151242,228752.520000
2026-03-03 06:00:00+00:00,637.151242,651.235970,596.124026,610.208754,163480.610000
2026-03-03 07:00:00+00:00,610.208754,613.777026,594.289878,597.858150,220281.690000
2026-03-03 08:00:00+00:00,597.858150,600.146054,592.839853,595.127758,229943.450000
2026-03-03 09:00:00+00:00,595.127758,596.581983,591.483141,592.937366,215411.990000
2026-03-03 10:00:00+00:00,592.937366,593.208864,584.551122,584.822620,164245.570000
2026-03-03 11:00:00+00:00,584.822620,595.167508,576.745374,587.090263,219659.480000
2026-03-03 12:00:00+00:00,587.090263,591.430784,581.804479,586.145000,229976.350000
2026-03-03 13:00:00+00:00,586.145000,596.368533,583.918214,594.141747,138881.700000
2026-03-03 14:00:00+00:00,594.141747,602.406075,565.644405,573.908733,208743.060000
2026-03-03 15:00:00+00:00,573.908733,593.214445,546.794795,566.100507,230337.440000
2026-03-03 16:00:00+00:00,566.100507,572.473681,559.556711,565.929884,139465.610000
2026-03-03 17:00:00+00:00,565.929884,571.551007,562.222959,567.844082,169631.050000
2026-03-03 18:00:00+00:00,567.844082,569.236960,553.812790,555.205668,190597.570000
2026-03-03 19:00:00+00:00,555.205668,567.116505,539.345617,551.256454,230345.400000
2026-03-03 20:00:00+00:00,551.256454,578.858203,535.799161,563.400910,132086.090000
2026-03-03 21:00:00+00:00,563.400910,572.640637,558.998104,568.237831,226773.750000
2026-03-03 22:00:00+00:00,568.237831,569.746294,566.287677,567.796140,226025.870000
2026-03-03 23:00:00+00:00,567.796140,577.362730,563.136127,572.702717,149361.870000
2026-03-04 00:00:00+00:00,572.702717,583.367385,567.366141,578.030809,191749.040000
2026-03-04 01:00:00+00:00,578.030809,586.125871,574.359322,582.454385,174815.060000
2026-03-04 02:00:00+00:00,582.454385,596.056212,558.717281,572.319109,233455.050000
2026-03-04 03:00:00+00:00,572.319109,574.118971,563.989938,565.789801,128559.690000
2026-03-04 04:00:00+00:00,565.789801,591.304295,542.837994,568.352488,174704.380000
2026-03-04 05:00:00+00:00,568.352488,591.545083,567.473186,590.665781,207375.590000
2026-03-04 06:00:00+00:00,590.665781,614.324069,587.256749,610.915037,233397.240000
2026-03-04 07:00:00+00:00,610.915037,619.903093,598.463558,607.451614,200351.240000
2026-03-04 08:00:00+00:00,607.451614,613.970304,603.071082,609.589772,184493.010000
2026-03-04 09:00:00+00:00,609.589772,610.784550,603.474885,604.669663,171201.070000
2026-03-04 10:00:00+00:00,604.669663,613.225047,600.138489,608.693873,137558.840000
2026-03-04 11:00:00+00:00,608.693873,620.643954,593.871050,605.821131,191721.070000
2026-03-04 12:00:00+00:00,605.821131,616.214819,582.434475,592.828162,128691.610000
2026-03-04 13:00:00+00:00,592.828162,604.479377,584.008773,595.659988,136842.330000
2026-03-04 14:00:00+00:00,595.659988,595.968283,588.256217,588.564512,136562.620000
2026-03-04 15:00:00+00:00,588.564512,598.333101,565.606831,575.375420,144577.940000
2026-03-04 16:00:00+00:00,575.375420,582.985112,562.561309,570.171001,140090.670000
2026-03-04 17:00:00+00:00,570.171001,578.676302,569.067377,577.572678,233837.190000
2026-03-04 18:00:00+00:00,577.572678,578.722834,562.439803,563.589958,193469.070000
2026-03-04 19:00:00+00:00,563.589958,592.541609,552.842712,581.794363,191879.260000
2026-03-04 20:00:00+00:00,581.794363,588.105496,565.793082,572.104215,160929.370000
2026-03-04 21:00:00+00:00,572.104215,592.457022,570.871539,591.224346,201584.620000
2026-03-04 22:00:00+00:00,591.224346,608.383369,545.079015,562.238038,138488.860000
2026-03-04 23:00:00+00:00,562.238038,572.541241,546.504494,556.807697,220588.360000
2026-03-05 00:00:00+00:00,556.807697,564.018047,542.764457,549.974808,131490.110000
2026-03-05 01:00:00+00:00,549.974808,552.269602,527.775705,530.070499,229197.240000
2026-03-05 02:00:00+00:00,530.070499,532.994470,527.019653,529.943624,189624.220000
2026-03-05 03:00:00+00:00,529.943624,542.460506,508.771228,521.288110,182110.300000
2026-03-05 04:00:00+00:00,521.288110,527.353197,511.355432,517.420518,213106.610000
2026-03-05 05:00:00+00:00,517.420518,530.999629,506.563546,520.142657,167857.700000
2026-03-05 06:00:00+00:00,520.142657,523.572604,513.601103,517.031050,140105.990000
2026-03-05 07:00:00+00:00,517.031050,520.754143,501.051637,504.774729,164106.080000
2026-03-05 08:00:00+00:00,504.774729,521.014904,491.669113,507.909287,154240.730000
2026-03-05 09:00:00+00:00,507.909287,511.334019,502.502375,505.927107,208840.570000
2026-03-05 10:00:00+00:00,505.927107,534.126830,494.545464,522.745187,217313.750000
2026-03-05 11:00:00+00:00,522.745187,527.399783,497.246547,501.901143,193080.470000
2026-03-05 12:00:00+00:00,501.901143,512.146538,492.360499,502.605894,225104.680000
2026-03-05 13:00:00+00:00,502.605894,508.777233,479.268812,485.440151,164700.040000
2026-03-05 14:00:00+00:00,485.440151,492.083822,482.806936,489.450606,221916.390000
2026-03-05 15:00:00+00:00,489.450606,495.236210,470.730479,476.516082,181374.510000
2026-03-05 16:00:00+00:00,476.516082,486.525593,463.989839,473.999350,128030.370000
2026-03-05 17:00:00+00:00,473.999350,483.604135,469.118037,478.722822,162093.840000
2026-03-05 18:00:00+00:00,478.722822,487.124933,473.905449,482.307560,217966.390000
2026-03-05 19:00:00+00:00,482.307560,488.829665,481.552521,488.074626,198320.440000
2026-03-05 20:00:00+00:00,488.074626,491.877990,470.180849,473.984213,174948.700000
2026-03-05 21:00:00+00:00,473.984213,487.486572,470.653501,484.155861,233123.020000
2026-03-05 22:00:00+00:00,484.155861,493.611497,481.041917,490.497554,169852.740000
2026-03-05 23:00:00+00:00,490.497554,495.456977,479.492552,484.451976,145884.650000
2026-03-06 00:00:00+00:00,484.451976,493.390127,481.270606,490.208758,179803.130000
2026-03-06 01:00:00+00:00,490.208758,497.072521,477.615215,484.478978,218475.160000
2026-03-06 02:00:00+00:00,484.478978,496.913859,461.073470,473.508352,220872.340000
2026-03-06 03:00:00+00:00,473.508352,475.651944,466.521091,468.664683,195755.230000
2026-03-06 04:00:00+00:00,468.664683,475.124828,455.349174,461.809319,149429.240000
2026-03-06 05:00:00+00:00,461.809319,478.036589,446.254793,462.482063,140735.860000
2026-03-06 06:00:00+00:00,462.482063,465.899818,449.050695,452.468450,214990.530000
2026-03-06 07:00:00+00:00,452.468450,458.424451,435.475047,441.431049,216045.570000
2026-03-06 08:00:00+00:00,441.431049,452.590849,429.022166,440.181966,126314.640000
2026-03-06 09:00:00+00:00,440.181966,444.699138,431.210053,435.727225,172016.460000
2026-03-06 10:00:00+00:00,435.727225,447.405262,417.729511,429.407548,221009.640000
2026-03-06 11:00:00+00:00,429.407548,433.429051,426.696876,430.718379,157626.990000
2026-03-06 12:00:00+00:00,430.718379,433.520003,429.252832,432.054456,182886.900000
2026-03-06 13:00:00+00:00,432.054456,441.250730,424.687958,433.884231,222597.130000
2026-03-06 14:00:00+00:00,433.884231,435.939415,432.507474,434.562658,217607.230000
2026-03-06 15:00:00+00:00,434.562658,436.929532,419.236570,421.603444,180203.110000
2026-03-06 16:00:00+00:00,421.603444,428.320948,398.845484,405.562988,194185.220000
2026-03-06 17:00:00+00:00,405.562988,415.234729,400.098508,409.770249,230643.090000
2026-03-06 18:00:00+00:00,409.770249,416.902198,400.872348,408.004297,204490.110000
2026-03-06 19:00:00+00:00,408.004297,427.632939,398.482642,418.111284,201477.610000
2026-03-06 20:00:00+00:00,418.111284,426.749815,415.918427,424.556958,134368.060000
2026-03-06 21:00:00+00:00,424.556958,429.490807,410.888605,415.822454,154879.430000
2026-03-06 22:00:00+00:00,415.822454,418.236741,412.010561,414.424848,188270.930000
2026-03-06 23:00:00+00:00,414.424848,428.649237,400.582329,414.806717,153132.360000
2026-03-07 00:00:00+00:00,414.806717,424.097853,400.735520,410.026656,221573.120000
2026-03-07 01:00:00+00:00,410.026656,417.485770,408.502292,415.961406,171833.560000
2026-03-07 02:00:00+00:00,415.961406,420.637276,396.812043,401.487913,219779.540000
2026-03-07 03:00:00+00:00,401.487913,409.125887,397.418137,405.056112,192595.970000
2026-03-07 04:00:00+00:00,405.056112,419.015444,402.301069,416.260402,137216.900000
2026-03-07 05:00:00+00:00,416.260402,424.550211,413.146792,421.436602,143216.060000
2026-03-07 06:00:00+00:00,421.436602,433.723394,414.880979,427.167771,143061.000000
2026-03-07 07:00:00+00:00,427.167771,440.384004,424.643040,437.859273,209745.380000
2026-03-07 08:00:00+00:00,437.859273,438.928372,437.858061,438.927160,184103.710000
2026-03-07 09:00:00+00:00,438.927160,445.629419,431.987842,438.690102,127891.850000
2026-03-07 10:00:00+00:00,438.690102,447.154352,436.561329,445.025579,171106.150000
2026-03-07 11:00:00+00:00,445.025579,457.342664,426.938222,439.255307,232904.190000
2026-03-07 12:00:00+00:00,439.255307,454.173189,436.095006,451.012888,190402.430000
2026-03-07 13:00:00+00:00,451.012888,459.803346,449.219855,458.010313,84940.190000
2026-03-07 14:00:00+00:00,458.010313,459.319794,457.085705,458.395187,75659.710000
2026-03-07 15:00:00+00:00,458.395187,463.272261,451.019399,455.896473,76595.690000
2026-03-07 16:00:00+00:00,455.896473,458.105290,452.035459,454.244276,89475.750000
2026-03-07 17:00:00+00:00,454.244276,454.769933,449.454543,449.980200,123833.120000
2026-03-07 18:00:00+00:00,449.980200,456.144350,443.505713,449.669863,112747.730000
2026-03-07 19:00:00+00:00,449.669863,456.777356,443.706339,450.813832,91109.720000
2026-03-07 20:00:00+00:00,450.813832,451.450664,448.976416,449.613249,92072.900000
2026-03-07 21:00:00+00:00,449.613249,454.560783,446.171612,451.119147,85553.920000
2026-03-07 22:00:00+00:00,451.119147,456.552518,442.873814,448.307186,70387.680000
2026-03-07 23:00:00+00:00,448.307186,453.683168,442.601491,447.977473,119327.350000
2026-03-08 00:00:00+00:00,447.977473,451.799957,443.754139,447.576622,122142.890000
2026-03-08 01:00:00+00:00,447.576622,448.735249,442.441586,443.600213,114764.050000
2026-03-08 02:00:00+00:00,443.600213,452.225732,434.224729,442.850247,76201.490000
2026-03-08 03:00:00+00:00,442.850247,444.553273,436.262677,437.965703,92967.080000
2026-03-08 04:00:00+00:00,437.965703,446.479669,433.634646,442.148612,98199.280000
2026-03-08 05:00:00+00:00,442.148612,442.766230,440.665398,441.283016,96523.100000
2026-03-08 06:00:00+00:00,441.283016,446.708874,439.598980,445.024838,71141.000000
2026-03-08 07:00:00+00:00,445.024838,447.578671,444.452566,447.006399,99206.680000
2026-03-08 08:00:00+00:00,447.006399,447.350184,439.660753,440.004538,81711.460000
2026-03-08 09:00:00+00:00,440.004538,442.497483,439.140720,441.633665,83861.280000
2026-03-08 10:00:00+00:00,441.633665,443.579866,436.931883,438.878084,107931.100000
2026-03-08 11:00:00+00:00,438.878084,442.693703,438.136400,441.952019,103653.770000
2026-03-08 12:00:00+00:00,441.952019,442.165455,441.153969,441.367405,82945.880000
2026-03-08 13:00:00+00:00,441.367405,442.423197,438.972718,440.028510,91310.550000
2026-03-08 14:00:00+00:00,440.028510,446.715814,435.560109,442.247414,81957.750000
2026-03-08 15:00:00+00:00,442.247414,444.800646,435.489532,438.042765,113045.370000
2026-03-08 16:00:00+00:00,438.042765,444.338040,429.393079,435.688354,76246.760000
2026-03-08 17:00:00+00:00,435.688354,438.592687,425.768879,428.673211,78683.280000
2026-03-08 18:00:00+00:00,428.673211,432.541428,423.389220,427.257436,97234.020000
2026-03-08 19:00:00+00:00,427.257436,432.348614,423.184345,428.275522,102642.760000
2026-03-08 20:00:00+00:00,428.275522,430.321307,423.482936,425.528720,96169.030000
2026-03-08 21:00:00+00:00,425.528720,430.710691,421.388638,426.570609,99200.220000
2026-03-08 22:00:00+00:00,426.570609,429.723756,416.421550,419.574697,74276.840000
2026-03-08 23:00:00+00:00,419.574697,425.259568,416.112956,421.797827,89749.120000
2026-03-09 00:00:00+00:00,421.797827,428.892493,420.847761,427.942428,124987.700000
2026-03-09 01:00:00+00:00,427.942428,439.724198,426.166376,437.948146,101312.880000
2026-03-09 02:00:00+00:00,437.948146,438.537692,429.310450,429.899996,112441.630000
2026-03-09 03:00:00+00:00,429.899996,437.198531,420.849358,428.147893,71438.190000
2026-03-09 04:00:00+00:00,428.147893,431.365071,426.909064,430.126242,70491.960000
2026-03-09 05:00:00+00:00,430.126242,434.656729,421.814253,426.344740,95528.510000
2026-03-09 06:00:00+00:00,426.344740,431.816067,424.149528,429.620855,77230.060000
2026-03-09 07:00:00+00:00,429.620855,430.009842,421.629138,422.018124,83815.550000
2026-03-09 08:00:00+00:00,422.018124,425.237682,416.956561,420.176119,111214.070000
2026-03-09 09:00:00+00:00,420.176119,426.351242,416.622285,422.797407,124706.250000
2026-03-09 10:00:00+00:00,422.797407,427.653127,420.991292,425.847012,112854.150000
2026-03-09 11:00:00+00:00,425.847012,426.182883,424.771538,425.107409,70149.500000
2026-03-09 12:00:00+00:00,425.107409,427.018870,421.558590,423.470052,94444.280000
2026-03-09 13:00:00+00:00,423.470052,427.165274,422.392421,426.087644,69016.580000
2026-03-09 14:00:00+00:00,426.087644,429.070692,423.842586,426.825634,69517.430000
2026-03-09 15:00:00+00:00,426.825634,429.968461,426.206347,429.349174,122654.350000
2026-03-09 16:00:00+00:00,429.349174,430.610750,426.773559,428.035135,96227.970000
2026-03-09 17:00:00+00:00,428.035135,431.731313,422.448302,426.144480,114841.700000
2026-03-09 18:00:00+00:00,426.144480,435.884629,422.104713,431.844862,82074.830000
2026-03-09 19:00:00+00:00,431.844862,443.278351,421.189725,432.623215,123388.500000
2026-03-09 20:00:00+00:00,432.623215,434.551187,428.318940,430.246912,113858.710000
2026-03-09 21:00:00+00:00,430.246912,441.710266,424.284577,435.747930,111353.390000
2026-03-09 22:00:00+00:00,435.747930,441.047599,432.455858,437.755527,87375.190000
2026-03-09 23:00:00+00:00,437.755527,449.988252,434.935130,447.167855,102557.670000
2026-03-10 00:00:00+00:00,447.167855,450.487204,440.070830,443.390179,123502.760000
2026-03-10 01:00:00+00:00,443.390179,443.793063,443.379188,443.782072,114189.810000
2026-03-10 02:00:00+00:00,443.782072,444.173561,441.073278,441.464767,79717.060000
2026-03-10 03:00:00+00:00,441.464767,450.780552,438.368697,447.684482,94516.440000
2026-03-10 04:00:00+00:00,447.684482,450.521330,440.669049,443.505897,118177.070000
2026-03-10 05:00:00+00:00,443.505897,445.542242,436.194316,438.230661,116191.070000
2026-03-10 06:00:00+00:00,438.230661,443.873852,435.629675,441.272866,85982.410000
2026-03-10 07:00:00+00:00,441.272866,446.711574,439.223269,444.661978,74999.930000
2026-03-10 08:00:00+00:00,444.661978,453.686445,442.306235,451.330702,124266.760000
2026-03-10 09:00:00+00:00,451.330702,455.856076,437.657489,442.182863,103676.610000
2026-03-10 10:00:00+00:00,442.182863,445.200540,435.480350,438.498028,117418.510000
2026-03-10 11:00:00+00:00,438.498028,439.521316,436.052149,437.075437,91612.160000
2026-03-10 12:00:00+00:00,437.075437,437.130999,427.632861,427.688423,93553.670000
2026-03-10 13:00:00+00:00,427.688423,430.944936,422.759032,426.015545,99557.320000
2026-03-10 14:00:00+00:00,426.015545,435.135115,424.212727,433.332297,105156.560000
2026-03-10 15:00:00+00:00,433.332297,441.479743,426.885310,435.032755,71962.330000
2026-03-10 16:00:00+00:00,435.032755,440.139913,429.737950,434.845108,102167.910000
2026-03-10 17:00:00+00:00,434.845108,437.818142,421.674362,424.647397,72613.260000
2026-03-10 18:00:00+00:00,424.647397,429.368346,419.762061,424.483011,117776.900000
2026-03-10 19:00:00+00:00,424.483011,427.294288,422.107294,424.918571,124605.700000
2026-03-10 20:00:00+00:00,424.918571,426.123466,421.660192,422.865086,78097.720000
2026-03-10 21:00:00+00:00,422.865086,424.832604,418.954999,420.922517,112431.390000
2026-03-10 22:00:00+00:00,420.922517,422.855385,415.754751,417.687619,79228.380000
2026-03-10 23:00:00+00:00,417.687619,425.015989,413.767093,421.095463,68485.280000
2026-03-11 00:00:00+00:00,421.095463,422.114070,415.176222,416.194828,123930.210000
2026-03-11 01:00:00+00:00,416.194828,419.772906,410.400496,413.978574,115754.320000
2026-03-11 02:00:00+00:00,413.978574,415.016939,413.721453,414.759818,113658.740000
2026-03-11 03:00:00+00:00,414.759818,420.135815,402.254531,407.630528,111286.040000
2026-03-11 04:00:00+00:00,407.630528,410.683678,406.998799,410.051949,118247.370000
2026-03-11 05:00:00+00:00,410.051949,411.451678,407.299385,408.699115,107684.440000
2026-03-11 06:00:00+00:00,408.699115,412.406934,403.983187,407.691006,116594.310000
2026-03-11 07:00:00+00:00,407.691006,409.180432,405.083422,406.572847,78154.840000
2026-03-11 08:00:00+00:00,406.572847,410.136621,405.509515,409.073289,119690.190000
2026-03-11 09:00:00+00:00,409.073289,409.540652,408.829116,409.296478,85603.150000
2026-03-11 10:00:00+00:00,409.296478,412.339126,407.275321,410.317969,108867.270000
2026-03-11 11:00:00+00:00,410.317969,416.867590,404.201573,410.751195,119587.130000
2026-03-11 12:00:00+00:00,410.751195,411.278665,406.685514,407.212984,80858.830000
2026-03-11 13:00:00+00:00,407.212984,410.243096,400.552390,403.582502,106679.130000
2026-03-11 14:00:00+00:00,403.582502,404.809687,400.350151,401.577336,100057.880000
2026-03-11 15:00:00+00:00,401.577336,408.485347,395.726358,402.634369,98467.810000
2026-03-11 16:00:00+00:00,402.634369,408.799370,400.089454,406.254455,105446.430000
2026-03-11 17:00:00+00:00,406.254455,406.591783,398.903745,399.241073,125482.690000
2026-03-11 18:00:00+00:00,399.241073,402.430129,398.306363,401.495419,111450.970000
2026-03-11 19:00:00+00:00,401.495419,407.331201,399.119834,404.955616,81545.380000
2026-03-11 20:00:00+00:00,404.955616,407.118421,400.721268,402.884072,75566.150000
2026-03-11 21:00:00+00:00,402.884072,408.914400,401.183148,407.213476,82601.550000
2026-03-11 22:00:00+00:00,407.213476,409.881576,401.964598,404.632698,112199.870000
2026-03-11 23:00:00+00:00,404.632698,405.980643,400.299011,401.646956,126502.230000
2026-03-12 00:00:00+00:00,401.646956,402.481882,401.078714,401.913640,112232.280000
2026-03-12 01:00:00+00:00,401.913640,404.726063,400.154196,402.966619,113802.250000
2026-03-12 02:00:00+00:00,402.966619,404.667892,401.201699,402.902971,104957.100000
2026-03-12 03:00:00+00:00,402.902971,404.608463,402.576244,404.281736,93755.060000
2026-03-12 04:00:00+00:00,404.281736,409.903307,399.899609,405.521180,83439.350000
2026-03-12 05:00:00+00:00,405.521180,405.578388,399.248194,399.305402,71251.360000
2026-03-12 06:00:00+00:00,399.305402,406.623880,398.276827,405.595304,123024.820000
2026-03-12 07:00:00+00:00,405.595304,405.840943,402.725483,402.971121,111525.120000
2026-03-12 08:00:00+00:00,402.971121,409.336798,400.890774,407.256451,68889.060000
2026-03-12 09:00:00+00:00,407.256451,417.503120,401.679533,411.926203,71754.820000
2026-03-12 10:00:00+00:00,411.926203,416.414075,409.037609,413.525482,121544.680000
2026-03-12 11:00:00+00:00,413.525482,416.684277,413.222856,416.381652,117364.650000
2026-03-12 12:00:00+00:00,416.381652,416.697963,413.855087,414.171399,110081.900000
2026-03-12 13:00:00+00:00,414.171399,416.922818,410.869625,413.621044,94048.040000
2026-03-12 14:00:00+00:00,413.621044,416.189944,406.295990,408.864890,97608.850000
2026-03-12 15:00:00+00:00,408.864890,413.180016,407.060653,411.375779,105177.880000
2026-03-12 16:00:00+00:00,411.375779,413.405068,410.764375,412.793664,79014.030000
2026-03-12 17:00:00+00:00,412.793664,413.058695,408.842019,409.107050,69104.910000
2026-03-12 18:00:00+00:00,409.107050,411.316919,404.585323,406.795193,117131.770000
2026-03-12 19:00:00+00:00,406.795193,412.483707,405.045563,410.734077,120687.990000
2026-03-12 20:00:00+00:00,410.734077,414.993672,399.653857,403.913452,114909.800000
2026-03-12 21:00:00+00:00,403.913452,409.838198,400.093451,406.018198,106240.150000
2026-03-12 22:00:00+00:00,406.018198,410.812239,405.182343,409.976384,111443.100000
2026-03-12 23:00:00+00:00,409.976384,410.479590,405.983055,406.486261,104905.710000
2026-03-13 00:00:00+00:00,406.486261,406.732162,404.064221,404.310122,73887.710000
2026-03-13 01:00:00+00:00,404.310122,408.486049,402.926490,407.102417,105788.850000
2026-03-13 02:00:00+00:00,407.102417,412.739801,394.829215,400.466600,104552.570000
2026-03-13 03:00:00+00:00,400.466600,400.773993,393.582684,393.890078,115087.430000
2026-03-13 04:00:00+00:00,393.890078,393.908514,390.689915,390.708351,68801.410000
2026-03-13 05:00:00+00:00,390.708351,400.712604,386.915082,396.919336,109597.530000
2026-03-13 06:00:00+00:00,396.919336,398.191512,388.405514,389.677691,72679.670000
2026-03-13 07:00:00+00:00,389.677691,390.301431,387.200252,387.823991,108465.190000
2026-03-13 08:00:00+00:00,387.823991,391.137675,384.437564,387.751247,81912.340000
2026-03-13 09:00:00+00:00,387.751247,391.288109,386.753284,390.290147,79234.370000
2026-03-13 10:00:00+00:00,390.290147,393.204726,380.125032,383.039612,104497.610000
2026-03-13 11:00:00+00:00,383.039612,385.557827,381.054997,383.573212,87899.200000
2026-03-13 12:00:00+00:00,383.573212,386.692228,380.335821,383.454837,87988.830000
2026-03-13 13:00:00+00:00,383.454837,386.691935,379.298441,382.535539,118969.140000
2026-03-13 14:00:00+00:00,382.535539,383.005530,378.642578,379.112569,121710.540000
2026-03-13 15:00:00+00:00,379.112569,379.782733,376.746026,377.416190,111972.650000
2026-03-13 16:00:00+00:00,377.416190,386.578906,373.731571,382.894286,93432.670000
2026-03-13 17:00:00+00:00,382.894286,387.738780,377.144606,381.989099,107020.590000
2026-03-13 18:00:00+00:00,381.989099,382.388714,380.587401,380.987016,120052.370000
2026-03-13 19:00:00+00:00,380.987016,387.479592,376.018305,382.510881,107767.410000
2026-03-13 20:00:00+00:00,382.510881,386.469107,382.170937,386.129163,101422.490000
2026-03-13 21:00:00+00:00,386.129163,388.536825,386.073632,388.481295,114270.120000
2026-03-13 22:00:00+00:00,388.481295,391.722544,388.089978,391.331228,101402.360000
2026-03-13 23:00:00+00:00,391.331228,394.511596,388.529261,391.709629,84620.950000
2026-03-14 00:00:00+00:00,391.709629,399.183599,390.925176,398.399147,104501.720000
2026-03-14 01:00:00+00:00,398.399147,402.519552,398.205961,402.326366,115773.400000
2026-03-14 02:00:00+00:00,402.326366,406.530151,396.367308,400.571092,123178.050000
2026-03-14 03:00:00+00:00,400.571092,402.804227,399.197982,401.431116,119973.680000
2026-03-14 04:00:00+00:00,401.431116,413.045479,397.904286,409.518648,86399.100000
2026-03-14 05:00:00+00:00,409.518648,414.521102,408.841954,413.844407,120757.020000
2026-03-14 06:00:00+00:00,413.844407,416.292511,410.773206,413.221309,79819.770000
2026-03-14 07:00:00+00:00,413.221309,419.419358,405.179397,411.377446,114625.480000
2026-03-14 08:00:00+00:00,411.377446,415.210783,405.747272,409.580609,80926.230000
2026-03-14 09:00:00+00:00,409.580609,412.354876,407.888488,410.662754,73224.510000
2026-03-14 10:00:00+00:00,410.662754,417.013413,409.357181,415.707840,94790.990000
2026-03-14 11:00:00+00:00,415.707840,419.959588,413.322882,417.574631,121717.160000
2026-03-14 12:00:00+00:00,417.574631,420.807925,415.658911,418.892206,111565.710000
2026-03-14 13:00:00+00:00,418.892206,429.604696,415.781009,426.493500,92755.770000
2026-03-14 14:00:00+00:00,426.493500,434.837927,424.107808,432.452235,71201.750000
2026-03-14 15:00:00+00:00,432.452235,435.165943,430.293656,433.007364,124552.030000
2026-03-14 16:00:00+00:00,433.007364,436.212899,422.071784,425.277320,108885.670000
2026-03-14 17:00:00+00:00,425.277320,434.890178,423.654007,433.266865,100552.230000
2026-03-14 18:00:00+00:00,433.266865,436.770853,430.024975,433.528963,73859.290000
2026-03-14 19:00:00+00:00,433.528963,433.537315,430.330410,430.338761,78017.450000
2026-03-14 20:00:00+00:00,430.338761,431.538479,428.522774,429.722492,86172.010000
2026-03-14 21:00:00+00:00,429.722492,432.797681,424.903041,427.978231,123746.660000
2026-03-14 22:00:00+00:00,427.978231,432.777299,421.700934,426.500002,92440.380000
2026-03-14 23:00:00+00:00,426.500002,427.981193,421.262662,422.743852,97896.240000
2026-03-15 00:00:00+00:00,422.743852,425.056300,422.196191,424.508638,109913.130000
2026-03-15 01:00:00+00:00,424.508638,425.263912,422.934912,423.690186,117650.430000
2026-03-15 02:00:00+00:00,423.690186,429.742906,421.896930,427.949650,93156.090000
2026-03-15 03:00:00+00:00,427.949650,433.659397,419.667592,425.377340,114834.360000
2026-03-15 04:00:00+00:00,425.377340,427.330329,417.403825,419.356814,98482.420000
2026-03-15 05:00:00+00:00,419.356814,420.340059,414.631562,415.614807,87376.980000
2026-03-15 06:00:00+00:00,415.614807,417.964150,406.907721,409.257064,123281.310000
2026-03-15 07:00:00+00:00,409.257064,409.507311,408.348033,408.598281,91447.460000
2026-03-15 08:00:00+00:00,408.598281,416.226248,406.501608,414.129575,80956.730000
2026-03-15 09:00:00+00:00,414.129575,415.279707,408.057365,409.207497,76530.640000
2026-03-15 10:00:00+00:00,409.207497,415.367752,407.688303,413.848558,94375.790000
2026-03-15 11:00:00+00:00,413.848558,420.037503,412.607370,418.796315,116611.840000
2026-03-15 12:00:00+00:00,418.796315,424.583192,417.627990,423.414867,77693.700000
2026-03-15 13:00:00+00:00,423.414867,427.485098,416.824473,420.894705,96436.720000
2026-03-15 14:00:00+00:00,420.894705,426.677737,417.568789,423.351821,87782.160000
2026-03-15 15:00:00+00:00,423.351821,428.846204,416.874232,422.368615,119721.160000
2026-03-15 16:00:00+00:00,422.368615,423.410384,420.169900,421.211669,97123.370000
2026-03-15 17:00:00+00:00,421.211669,426.362641,410.571472,415.722444,94745.130000
2026-03-15 18:00:00+00:00,415.722444,416.030883,415.413525,415.721963,81181.870000
2026-03-15 19:00:00+00:00,415.721963,420.672961,415.666642,420.617640,93004.110000
2026-03-15 20:00:00+00:00,420.617640,422.679535,413.293615,415.355511,91580.650000
2026-03-15 21:00:00+00:00,415.355511,426.239578,408.704395,419.588462,116615.400000
2026-03-15 22:00:00+00:00,419.588462,425.312852,417.296860,423.021250,105597.240000
2026-03-15 23:00:00+00:00,423.021250,424.590591,415.755471,417.324811,72263.630000
2026-03-16 00:00:00+00:00,417.324811,419.172675,407.757698,409.605562,103825.650000
2026-03-16 01:00:00+00:00,409.605562,412.513684,407.974919,410.883041,75910.820000
2026-03-16 02:00:00+00:00,410.883041,414.425358,405.624964,409.167281,86686.840000
2026-03-16 03:00:00+00:00,409.167281,412.779126,406.310202,409.922048,119320.300000
2026-03-16 04:00:00+00:00,409.922048,410.382627,409.773618,410.234197,100481.130000
2026-03-16 05:00:00+00:00,410.234197,414.570713,397.918384,402.254900,75202.780000
2026-03-16 06:00:00+00:00,402.254900,405.158448,400.757077,403.660625,93060.080000
2026-03-16 07:00:00+00:00,403.660625,406.943090,395.369733,398.652198,121105.090000
2026-03-16 08:00:00+00:00,398.652198,408.351981,393.902406,403.602190,105997.820000
2026-03-16 09:00:00+00:00,403.602190,406.859086,401.283073,404.539970,82843.730000
2026-03-16 10:00:00+00:00,404.539970,404.846025,402.864177,403.170232,103644.970000
2026-03-16 11:00:00+00:00,403.170232,403.444905,400.714769,400.989442,119685.410000
2026-03-16 12:00:00+00:00,400.989442,404.530224,399.328706,402.869489,106528.550000
2026-03-16 13:00:00+00:00,402.869489,403.131341,402.176455,402.438307,95619.460000
2026-03-16 14:00:00+00:00,402.438307,407.419481,398.862671,403.843845,97026.090000
2026-03-16 15:00:00+00:00,403.843845,405.617191,402.736216,404.509562,82985.530000
2026-03-16 16:00:00+00:00,404.509562,410.218568,401.195393,406.904399,68290.570000
2026-03-16 17:00:00+00:00,406.904399,411.783804,402.533554,407.412958,112369.600000
2026-03-16 18:00:00+00:00,407.412958,410.497343,404.814597,407.898981,103750.180000
2026-03-16 19:00:00+00:00,407.898981,410.008636,404.368435,406.478089,93544.910000
2026-03-16 20:00:00+00:00,406.478089,410.153938,397.873720,401.549568,83082.330000
2026-03-16 21:00:00+00:00,401.549568,401.928707,400.515323,400.894462,113252.280000
2026-03-16 22:00:00+00:00,400.894462,401.205214,396.145969,396.456721,119200.270000
2026-03-16 23:00:00+00:00,396.456721,399.072255,395.904094,398.519628,110189.580000
2026-03-17 00:00:00+00:00,398.519628,402.978085,396.338973,400.797430,103811.840000
2026-03-17 01:00:00+00:00,400.797430,405.585808,391.265858,396.054236,76348.840000
2026-03-17 02:00:00+00:00,396.054236,396.891518,389.686326,390.523608,76860.990000
2026-03-17 03:00:00+00:00,390.523608,392.940128,385.817575,388.234096,117966.860000
2026-03-17 04:00:00+00:00,388.234096,391.400624,382.895361,386.061890,122093.370000
2026-03-17 05:00:00+00:00,386.061890,388.003174,380.354415,382.295700,109255.880000
2026-03-17 06:00:00+00:00,382.295700,384.851688,374.307607,376.863595,113387.060000
2026-03-17 07:00:00+00:00,376.863595,385.685782,372.309637,381.131824,85969.590000
2026-03-17 08:00:00+00:00,381.131824,387.081567,380.314510,386.264253,116447.160000
2026-03-17 09:00:00+00:00,386.264253,390.881580,383.403946,388.021273,68706.870000
2026-03-17 10:00:00+00:00,388.021273,390.600347,386.277266,388.856341,118017.360000
2026-03-17 11:00:00+00:00,388.856341,395.335438,385.046637,391.525734,112443.170000
2026-03-17 12:00:00+00:00,391.525734,395.331494,385.522821,389.328580,114386.890000
2026-03-17 13:00:00+00:00,389.328580,392.332065,387.150264,390.153749,78417.340000
2026-03-17 14:00:00+00:00,390.153749,395.667819,381.656403,387.170474,107171.200000
2026-03-17 15:00:00+00:00,387.170474,397.938576,380.545581,391.313683,93114.990000
2026-03-17 16:00:00+00:00,391.313683,397.508103,386.561527,392.755947,122267.730000
2026-03-17 17:00:00+00:00,392.755947,392.868719,385.928197,386.040969,105432.170000
2026-03-17 18:00:00+00:00,386.040969,386.988073,372.513581,373.460685,75703.460000
2026-03-17 19:00:00+00:00,373.460685,380.641527,373.021781,380.202623,74694.550000
2026-03-17 20:00:00+00:00,380.202623,380.780891,376.895266,377.473535,125585.730000
2026-03-17 21:00:00+00:00,377.473535,384.882590,374.613731,382.022787,122959.460000
2026-03-17 22:00:00+00:00,382.022787,385.853488,381.870805,385.701507,121447.960000
2026-03-17 23:00:00+00:00,385.701507,386.842692,384.804987,385.946172,112379.700000
2026-03-18 00:00:00+00:00,385.946172,397.522000,381.839719,393.415547,86285.160000
2026-03-18 01:00:00+00:00,393.415547,396.044899,388.421798,391.051150,120350.810000
2026-03-18 02:00:00+00:00,391.051150,397.399370,384.611038,390.959257,83729.640000
2026-03-18 03:00:00+00:00,390.959257,399.782886,384.756224,393.579852,91565.800000
2026-03-18 04:00:00+00:00,393.579852,404.081793,390.690969,401.192910,112073.940000
2026-03-18 05:00:00+00:00,401.192910,403.773678,397.470631,400.051398,122619.100000
2026-03-18 06:00:00+00:00,400.051398,404.773702,397.819060,402.541363,98272.580000
2026-03-18 07:00:00+00:00,402.541363,408.167121,401.592038,407.217796,79496.140000
2026-03-18 08:00:00+00:00,407.217796,411.604882,404.432009,408.819094,107716.910000
2026-03-18 09:00:00+00:00,408.819094,409.438405,407.495130,408.114441,103134.240000
2026-03-18 10:00:00+00:00,408.114441,411.790756,406.450255,410.126571,98039.320000
2026-03-18 11:00:00+00:00,410.126571,412.353659,407.426255,409.653344,109039.740000
2026-03-18 12:00:00+00:00,409.653344,413.094564,405.250037,408.691257,116837.900000
2026-03-18 13:00:00+00:00,408.691257,414.315798,402.917479,408.542020,91782.680000
2026-03-18 14:00:00+00:00,408.542020,413.422465,407.182833,412.063279,70870.820000
2026-03-18 15:00:00+00:00,412.063279,414.541815,407.817536,410.296073,81130.120000
2026-03-18 16:00:00+00:00,410.296073,411.271193,405.584525,406.559645,103106.210000
2026-03-18 17:00:00+00:00,406.559645,415.976466,399.815735,409.232556,127840.270000
2026-03-18 18:00:00+00:00,409.232556,416.855618,399.361918,406.984980,204246.780000
2026-03-18 19:00:00+00:00,406.984980,411.109418,402.834536,406.958973,198391.370000
2026-03-18 20:00:00+00:00,406.958973,416.341629,389.459627,398.842282,213348.940000
2026-03-18 21:00:00+00:00,398.842282,401.006437,397.423768,399.587923,195540.850000
2026-03-18 22:00:00+00:00,399.587923,401.461321,399.212594,401.085993,158623.250000
2026-03-18 23:00:00+00:00,401.085993,405.618017,391.386506,395.918530,134426.210000
2026-03-19 00:00:00+00:00,395.918530,401.321737,390.575771,395.978978,145963.510000
2026-03-19 01:00:00+00:00,395.978978,401.118737,391.499014,396.638773,162604.680000
2026-03-19 02:00:00+00:00,396.638773,410.384413,384.191406,397.937047,161085.590000
2026-03-19 03:00:00+00:00,397.937047,401.417564,394.816069,398.296585,157907.280000
2026-03-19 04:00:00+00:00,398.296585,419.027417,391.219630,411.950462,204812.430000
2026-03-19 05:00:00+00:00,411.950462,441.346400,406.694768,436.090706,129453.840000
2026-03-19 06:00:00+00:00,436.090706,439.861659,431.225468,434.996422,144130.570000
2026-03-19 07:00:00+00:00,434.996422,450.147458,405.542568,420.693604,191834.820000
2026-03-19 08:00:00+00:00,420.693604,423.268915,408.160596,410.735906,135408.040000
2026-03-19 09:00:00+00:00,410.735906,419.326271,407.667407,416.257772,149505.930000
2026-03-19 10:00:00+00:00,416.257772,420.481322,411.841872,416.065423,162881.750000
2026-03-19 11:00:00+00:00,416.065423,418.718551,414.167699,416.820828,208931.000000
2026-03-19 12:00:00+00:00,416.820828,427.281132,413.517293,423.977597,170099.780000
2026-03-19 13:00:00+00:00,423.977597,443.953265,421.419809,441.395476,132646.280000
2026-03-19 14:00:00+00:00,441.395476,444.506689,437.277978,440.389191,160126.630000
2026-03-19 15:00:00+00:00,440.389191,444.451239,438.690828,442.752877,127574.820000
2026-03-19 16:00:00+00:00,442.752877,448.061802,439.142574,444.451500,194303.690000
2026-03-19 17:00:00+00:00,444.451500,447.670179,441.088594,444.307273,200163.020000
2026-03-19 18:00:00+00:00,444.307273,448.819306,439.001543,443.513575,220057.690000
2026-03-19 19:00:00+00:00,443.513575,455.552658,417.947125,429.986208,148354.050000
2026-03-19 20:00:00+00:00,429.986208,435.471173,425.680428,431.165393,191331.100000
2026-03-19 21:00:00+00:00,431.165393,440.338060,426.953215,436.125881,197822.580000
2026-03-19 22:00:00+00:00,436.125881,436.736288,411.491927,412.102334,211700.520000
2026-03-19 23:00:00+00:00,412.102334,413.782990,407.999015,409.679671,154875.640000
2026-03-20 00:00:00+00:00,409.679671,419.784353,408.373664,418.478346,206833.240000
2026-03-20 01:00:00+00:00,418.478346,429.934727,397.706659,409.163040,217169.470000
2026-03-20 02:00:00+00:00,409.163040,412.240154,409.046029,412.123143,141416.860000
2026-03-20 03:00:00+00:00,412.123143,413.400017,407.192935,408.469809,159478.210000
2026-03-20 04:00:00+00:00,408.469809,416.573712,400.756233,408.860135,187637.530000
2026-03-20 05:00:00+00:00,408.860135,415.187734,398.969826,405.297424,160792.830000
2026-03-20 06:00:00+00:00,405.297424,435.176480,390.549686,420.428741,126324.560000
2026-03-20 07:00:00+00:00,420.428741,421.574985,414.158498,415.304742,150037.180000
2026-03-20 08:00:00+00:00,415.304742,416.997356,401.634661,403.327276,206378.330000
2026-03-20 09:00:00+00:00,403.327276,418.793090,380.853678,396.319492,133040.090000
2026-03-20 10:00:00+00:00,396.319492,405.764810,394.908577,404.353895,176309.390000
2026-03-20 11:00:00+00:00,404.353895,405.127544,398.692279,399.465929,231384.900000
2026-03-20 12:00:00+00:00,399.465929,402.857863,389.616604,393.008537,233629.800000
2026-03-20 13:00:00+00:00,393.008537,404.557407,392.394759,403.943630,164383.320000
2026-03-20 14:00:00+00:00,403.943630,425.048390,384.450592,405.555352,187414.360000
2026-03-20 15:00:00+00:00,405.555352,411.532070,388.378256,394.354974,230209.540000
2026-03-20 16:00:00+00:00,394.354974,394.800266,392.399952,392.845244,144891.090000
2026-03-20 17:00:00+00:00,392.845244,399.743332,388.632116,395.530204,149248.320000
2026-03-20 18:00:00+00:00,395.530204,400.289801,392.352633,397.112230,186716.710000
2026-03-20 19:00:00+00:00,397.112230,403.188833,394.973677,401.050279,199151.710000
2026-03-20 20:00:00+00:00,401.050279,404.118286,386.508856,389.576863,165400.600000
2026-03-20 21:00:00+00:00,389.576863,395.162090,388.365912,393.951139,172190.520000
2026-03-20 22:00:00+00:00,393.951139,405.740748,368.820582,380.610191,195347.470000
2026-03-20 23:00:00+00:00,380.610191,393.935022,371.999345,385.324176,133477.860000
2026-03-21 00:00:00+00:00,385.324176,394.729160,363.396652,372.801636,212171.790000
2026-03-21 01:00:00+00:00,372.801636,382.303861,372.340105,381.842331,232876.040000
2026-03-21 02:00:00+00:00,381.842331,389.004596,380.995927,388.158193,192913.790000
2026-03-21 03:00:00+00:00,388.158193,394.436167,375.443933,381.721907,224577.230000
2026-03-21 04:00:00+00:00,381.721907,383.482755,375.590914,377.351763,144807.430000
2026-03-21 05:00:00+00:00,377.351763,381.447714,377.047721,381.143671,218241.940000
2026-03-21 06:00:00+00:00,381.143671,417.319566,359.200511,395.376405,200034.080000
2026-03-21 07:00:00+00:00,395.376405,397.662343,392.709875,394.995813,142347.780000
2026-03-21 08:00:00+00:00,394.995813,409.823225,385.445082,400.272494,219206.470000
2026-03-21 09:00:00+00:00,400.272494,407.140450,394.572893,401.440849,172821.780000
2026-03-21 10:00:00+00:00,401.440849,407.516768,396.963020,403.038939,180717.160000
2026-03-21 11:00:00+00:00,403.038939,405.874851,398.055765,400.891677,151595.750000
2026-03-21 12:00:00+00:00,400.891677,405.205954,398.936163,403.250440,136240.010000
2026-03-21 13:00:00+00:00,403.250440,403.392886,394.483037,394.625483,197247.350000
2026-03-21 14:00:00+00:00,394.625483,406.884584,386.337846,398.596947,154382.310000
2026-03-21 15:00:00+00:00,398.596947,423.175420,391.140309,415.718781,143982.380000
2026-03-21 16:00:00+00:00,415.718781,423.684324,411.410452,419.375995,211941.790000
2026-03-21 17:00:00+00:00,419.375995,439.493136,404.141706,424.258848,214143.860000
2026-03-21 18:00:00+00:00,424.258848,442.369616,415.893940,434.004708,220181.450000
2026-03-21 19:00:00+00:00,434.004708,438.559951,419.146389,423.701632,134234.690000
2026-03-21 20:00:00+00:00,423.701632,427.149115,416.238710,419.686193,210211.560000
2026-03-21 21:00:00+00:00,419.686193,420.820252,417.402890,418.536949,178986.410000
2026-03-21 22:00:00+00:00,418.536949,435.817299,413.358424,430.638775,217270.900000
2026-03-21 23:00:00+00:00,430.638775,451.129863,413.097039,433.588127,134695.240000
2026-03-22 00:00:00+00:00,433.588127,441.577228,430.843085,438.832186,212227.950000
2026-03-22 01:00:00+00:00,438.832186,447.608030,432.001146,440.776990,201450.220000
2026-03-22 02:00:00+00:00,440.776990,440.890551,433.269161,433.382722,141202.630000
2026-03-22 03:00:00+00:00,433.382722,449.225160,411.678858,427.521296,173289.390000
2026-03-22 04:00:00+00:00,427.521296,445.210400,414.701105,432.390208,157193.490000
2026-03-22 05:00:00+00:00,432.390208,439.672881,426.131147,433.413820,186720.600000
2026-03-22 06:00:00+00:00,433.413820,440.843161,425.393469,432.822811,193215.340000
2026-03-22 07:00:00+00:00,432.822811,434.990039,418.684387,420.851615,229464.540000
2026-03-22 08:00:00+00:00,420.851615,430.404329,416.817352,426.370066,148045.860000
2026-03-22 09:00:00+00:00,426.370066,439.714871,416.037592,429.382397,168948.310000
2026-03-22 10:00:00+00:00,429.382397,446.649223,423.953850,441.220676,141754.530000
2026-03-22 11:00:00+00:00,441.220676,452.244488,436.337754,447.361566,192548.520000
2026-03-22 12:00:00+00:00,447.361566,457.330651,434.891916,444.861001,175316.040000
2026-03-22 13:00:00+00:00,444.861001,450.905800,435.607724,441.652523,202573.180000
2026-03-22 14:00:00+00:00,441.652523,442.709148,429.717295,430.773920,195784.560000
2026-03-22 15:00:00+00:00,430.773920,444.880297,420.987449,435.093825,143390.780000
2026-03-22 16:00:00+00:00,435.093825,438.351858,423.815824,427.073856,167062.550000
2026-03-22 17:00:00+00:00,427.073856,435.324616,416.634398,424.885157,138861.340000
2026-03-22 18:00:00+00:00,424.885157,427.459617,413.035390,415.609850,193445.530000
2026-03-22 19:00:00+00:00,415.609850,435.621385,401.249976,421.261511,197939.280000
2026-03-22 20:00:00+00:00,421.261511,438.629152,419.599099,436.966740,175507.090000
2026-03-22 21:00:00+00:00,436.966740,437.501738,431.384475,431.919474,198018.500000
2026-03-22 22:00:00+00:00,431.919474,433.247389,430.582175,431.910091,215294.530000
2026-03-22 23:00:00+00:00,431.910091,439.678924,413.448301,421.217134,195803.360000
2026-03-23 00:00:00+00:00,421.217134,424.494821,418.616286,421.893973,91449.990000
2026-03-23 01:00:00+00:00,421.893973,427.196320,419.749296,425.051643,107673.890000
2026-03-23 02:00:00+00:00,425.051643,427.243097,424.060469,426.251923,123010.590000
2026-03-23 03:00:00+00:00,426.251923,430.580899,424.218665,428.547641,95701.420000
2026-03-23 04:00:00+00:00,428.547641,433.355566,425.569545,430.377471,100566.680000
2026-03-23 05:00:00+00:00,430.377471,439.690836,425.139165,434.452530,73555.880000
2026-03-23 06:00:00+00:00,434.452530,437.302929,428.875035,431.725433,100617.430000
2026-03-23 07:00:00+00:00,431.725433,436.527797,424.688871,429.491235,92631.070000
2026-03-23 08:00:00+00:00,429.491235,438.454973,425.278674,434.242412,83055.730000
2026-03-23 09:00:00+00:00,434.242412,435.691848,425.834410,427.283846,116224.030000
2026-03-23 10:00:00+00:00,427.283846,432.449166,426.452393,431.617713,92225.880000
2026-03-23 11:00:00+00:00,431.617713,432.776486,430.351458,431.510232,75533.530000
2026-03-23 12:00:00+00:00,431.510232,434.614163,430.363666,433.467597,125299.450000
2026-03-23 13:00:00+00:00,433.467597,436.221217,428.131202,430.884821,109905.280000
2026-03-23 14:00:00+00:00,430.884821,439.974779,424.352316,433.442274,98473.720000
2026-03-23 15:00:00+00:00,433.442274,436.546599,424.567171,427.671496,110365.540000
2026-03-23 16:00:00+00:00,427.671496,435.214645,420.206093,427.749242,74752.320000
2026-03-23 17:00:00+00:00,427.749242,428.089193,425.959647,426.299599,123132.080000
2026-03-23 18:00:00+00:00,426.299599,428.482898,424.234574,426.417872,88381.910000
2026-03-23 19:00:00+00:00,426.417872,433.392286,421.536460,428.510874,109850.720000
2026-03-23 20:00:00+00:00,428.510874,434.324079,425.988788,431.801993,69625.870000
2026-03-23 21:00:00+00:00,431.801993,435.039418,427.970698,431.208122,76498.260000
2026-03-23 22:00:00+00:00,431.208122,434.465325,424.470152,427.727355,75151.290000
2026-03-23 23:00:00+00:00,427.727355,429.782578,424.691085,426.746309,117985.610000
2026-03-24 00:00:00+00:00,426.746309,430.251247,414.231998,417.736937,105581.140000
2026-03-24 01:00:00+00:00,417.736937,420.314262,411.961454,414.538779,99271.100000
2026-03-24 02:00:00+00:00,414.538779,420.577155,405.751971,411.790347,121563.600000
2026-03-24 03:00:00+00:00,411.790347,412.170091,410.435831,410.815575,113784.110000
2026-03-24 04:00:00+00:00,410.815575,411.265198,402.539091,402.988715,113737.640000
2026-03-24 05:00:00+00:00,402.988715,405.271562,401.940926,404.223774,118431.070000
2026-03-24 06:00:00+00:00,404.223774,407.423010,399.932905,403.132141,102245.190000
2026-03-24 07:00:00+00:00,403.132141,412.813888,398.429677,408.111425,120526.600000
2026-03-24 08:00:00+00:00,408.111425,408.410371,405.229540,405.528487,100781.080000
2026-03-24 09:00:00+00:00,405.528487,406.019228,403.455479,403.946221,90763.110000
2026-03-24 10:00:00+00:00,403.946221,404.542327,399.693745,400.289852,69795.170000
2026-03-24 11:00:00+00:00,400.289852,403.131455,388.211330,391.052933,105290.730000
2026-03-24 12:00:00+00:00,391.052933,393.650049,386.565978,389.163094,68408.080000
2026-03-24 13:00:00+00:00,389.163094,391.094346,385.059473,386.990725,79318.240000
2026-03-24 14:00:00+00:00,386.990725,389.060910,379.709844,381.780029,82468.830000
2026-03-24 15:00:00+00:00,381.780029,384.466033,381.706197,384.392200,75924.150000
2026-03-24 16:00:00+00:00,384.392200,392.258254,383.033662,390.899716,113091.030000
2026-03-24 17:00:00+00:00,390.899716,394.053350,384.619503,387.773137,100350.380000
2026-03-24 18:00:00+00:00,387.773137,390.601760,382.941853,385.770475,101912.430000
2026-03-24 19:00:00+00:00,385.770475,390.452543,379.395007,384.077075,92695.860000
2026-03-24 20:00:00+00:00,384.077075,384.281925,382.330911,382.535762,115028.370000
2026-03-24 21:00:00+00:00,382.535762,391.644902,377.020781,386.129921,87968.690000
2026-03-24 22:00:00+00:00,386.129921,386.670390,382.685261,383.225730,96302.870000
2026-03-24 23:00:00+00:00,383.225730,387.074183,382.585439,386.433892,73493.840000
2026-03-25 00:00:00+00:00,386.433892,396.161397,383.598926,393.326432,102074.980000
2026-03-25 01:00:00+00:00,393.326432,397.616046,382.528053,386.817668,69311.500000
2026-03-25 02:00:00+00:00,386.817668,387.577286,384.779785,385.539403,120174.610000
2026-03-25 03:00:00+00:00,385.539403,394.481039,382.429254,391.370890,92653.470000
2026-03-25 04:00:00+00:00,391.370890,391.719043,388.015399,388.363552,70321.460000
2026-03-25 05:00:00+00:00,388.363552,390.673011,385.427569,387.737028,112740.040000
2026-03-25 06:00:00+00:00,387.737028,388.415940,386.506763,387.185675,103204.230000
2026-03-25 07:00:00+00:00,387.185675,391.075425,383.533547,387.423297,90168.210000
2026-03-25 08:00:00+00:00,387.423297,391.811284,380.319251,384.707238,89853.640000
2026-03-25 09:00:00+00:00,384.707238,385.085313,384.424362,384.802437,89247.950000
2026-03-25 10:00:00+00:00,384.802437,391.053052,382.720232,388.970848,102494.170000
2026-03-25 11:00:00+00:00,388.970848,390.121602,381.500364,382.651118,69902.330000
2026-03-25 12:00:00+00:00,382.651118,384.063219,378.541612,379.953713,96698.710000
2026-03-25 13:00:00+00:00,379.953713,382.883047,378.877057,381.806390,93778.330000
2026-03-25 14:00:00+00:00,381.806390,385.443811,379.711588,383.349009,116501.830000
2026-03-25 15:00:00+00:00,383.349009,384.389376,379.886393,380.926760,116560.670000
2026-03-25 16:00:00+00:00,380.926760,387.361072,379.837300,386.271612,80841.680000
2026-03-25 17:00:00+00:00,386.271612,392.781240,378.770324,385.279951,105500.270000
2026-03-25 18:00:00+00:00,385.279951,392.645322,383.737199,391.102570,121111.110000
2026-03-25 19:00:00+00:00,391.102570,393.662275,390.123022,392.682727,80156.950000
2026-03-25 20:00:00+00:00,392.682727,395.336835,387.806754,390.460862,79368.050000
2026-03-25 21:00:00+00:00,390.460862,394.742420,386.680130,390.961688,87725.180000
2026-03-25 22:00:00+00:00,390.961688,395.410045,390.513687,394.962044,77094.000000
2026-03-25 23:00:00+00:00,394.962044,397.923433,392.069339,395.030728,78224.490000
2026-03-26 00:00:00+00:00,395.030728,405.035567,389.456878,399.461717,101909.900000
2026-03-26 01:00:00+00:00,399.461717,400.785788,397.675120,398.999191,86701.800000
2026-03-26 02:00:00+00:00,398.999191,409.133421,395.275101,405.409331,97201.790000
2026-03-26 03:00:00+00:00,405.409331,408.840179,402.494500,405.925348,85008.540000
2026-03-26 04:00:00+00:00,405.925348,410.678150,404.528491,409.281293,114173.570000
2026-03-26 05:00:00+00:00,409.281293,417.418520,402.375271,410.512498,100901.590000
2026-03-26 06:00:00+00:00,410.512498,416.782115,408.300886,414.570503,120194.410000
2026-03-26 07:00:00+00:00,414.570503,423.450416,410.187529,419.067442,111437.250000
2026-03-26 08:00:00+00:00,419.067442,426.676193,405.688516,413.297268,105189.460000
2026-03-26 09:00:00+00:00,413.297268,414.112355,410.630420,411.445507,119651.300000
2026-03-26 10:00:00+00:00,411.445507,416.076071,403.505347,408.135911,123586.460000
2026-03-26 11:00:00+00:00,408.135911,409.157992,405.224299,406.246380,75857.350000
2026-03-26 12:00:00+00:00,406.246380,408.172131,401.354476,403.280227,107898.290000
2026-03-26 13:00:00+00:00,403.280227,405.555165,402.208149,404.483086,47761.620000
2026-03-26 14:00:00+00:00,404.483086,405.607465,403.458242,404.582621,53372.710000
2026-03-26 15:00:00+00:00,404.582621,410.126903,402.669658,408.213940,52730.040000
2026-03-26 16:00:00+00:00,408.213940,409.694320,407.688799,409.169179,57667.450000
2026-03-26 17:00:00+00:00,409.169179,411.602951,406.399554,408.833327,76975.740000
2026-03-26 18:00:00+00:00,408.833327,409.407393,406.467064,407.041131,56980.030000
2026-03-26 19:00:00+00:00,407.041131,411.028715,403.945438,407.933021,69942.310000
2026-03-26 20:00:00+00:00,407.933021,408.200021,406.633232,406.900231,43939.470000
2026-03-26 21:00:00+00:00,406.900231,410.545388,406.153071,409.798228,67511.660000
2026-03-26 22:00:00+00:00,409.798228,413.474428,408.479569,412.155770,45328.110000
2026-03-26 23:00:00+00:00,412.155770,416.184098,408.913979,412.942308,75792.840000
2026-03-27 00:00:00+00:00,412.942308,414.597465,411.760861,413.416019,48573.930000
2026-03-27 01:00:00+00:00,413.416019,415.177196,413.091216,414.852393,58736.880000
2026-03-27 02:00:00+00:00,414.852393,415.258208,413.602477,414.008293,42481.700000
2026-03-27 03:00:00+00:00,414.008293,415.023112,411.361485,412.376304,64778.870000
2026-03-27 04:00:00+00:00,412.376304,417.475228,410.546911,415.645835,42270.420000
2026-03-27 05:00:00+00:00,415.645835,419.828919,414.349928,418.533012,77757.060000
2026-03-27 06:00:00+00:00,418.533012,419.413936,415.453211,416.334135,66554.810000
2026-03-27 07:00:00+00:00,416.334135,418.303991,415.696944,417.666800,64965.040000
2026-03-27 08:00:00+00:00,417.666800,421.264491,417.347825,420.945515,48782.950000
2026-03-27 09:00:00+00:00,420.945515,421.618659,419.842559,420.515703,44087.030000
2026-03-27 10:00:00+00:00,420.515703,423.675640,419.512397,422.672334,61772.910000
2026-03-27 11:00:00+00:00,422.672334,426.044305,422.312006,425.683978,57997.020000
2026-03-27 12:00:00+00:00,425.683978,426.587369,425.109470,426.012861,72159.610000
2026-03-27 13:00:00+00:00,426.012861,431.992346,422.235811,428.215296,65473.480000
2026-03-27 14:00:00+00:00,428.215296,431.551827,426.381955,429.718486,77761.330000
2026-03-27 15:00:00+00:00,429.718486,430.007676,427.790375,428.079565,62446.340000
2026-03-27 16:00:00+00:00,428.079565,429.133624,425.623020,426.677079,64465.940000
2026-03-27 17:00:00+00:00,426.677079,427.695617,425.322933,426.341470,54758.100000
2026-03-27 18:00:00+00:00,426.341470,430.092233,424.452752,428.203514,45737.210000
2026-03-27 19:00:00+00:00,428.203514,429.524279,425.893427,427.214192,75710.350000
2026-03-27 20:00:00+00:00,427.214192,430.629454,424.966239,428.381501,75648.740000
2026-03-27 21:00:00+00:00,428.381501,430.020275,428.270372,429.909146,52073.280000
2026-03-27 22:00:00+00:00,429.909146,434.341580,429.092248,433.524682,49347.250000
2026-03-27 23:00:00+00:00,433.524682,435.389465,432.694690,434.559472,45217.600000
2026-03-28 00:00:00+00:00,434.559472,435.784784,434.456466,435.681777,45257.560000
2026-03-28 01:00:00+00:00,435.681777,437.367287,430.772879,432.458388,60408.090000
2026-03-28 02:00:00+00:00,432.458388,434.796784,432.315581,434.653977,72023.060000
2026-03-28 03:00:00+00:00,434.653977,438.082532,431.936540,435.365095,77039.840000
2026-03-28 04:00:00+00:00,435.365095,440.327078,431.993722,436.955704,51627.310000
2026-03-28 05:00:00+00:00,436.955704,438.623782,436.312003,437.980081,73352.400000
2026-03-28 06:00:00+00:00,437.980081,449.369737,432.641805,444.031460,122491.350000
2026-03-28 07:00:00+00:00,444.031460,450.807496,442.978250,449.754286,83725.630000
2026-03-28 08:00:00+00:00,449.754286,451.054472,448.580441,449.880627,90742.430000
2026-03-28 09:00:00+00:00,449.880627,455.902023,442.099373,448.120769,81925.150000
2026-03-28 10:00:00+00:00,448.120769,450.913713,442.740218,445.533162,70732.880000
2026-03-28 11:00:00+00:00,445.533162,458.963554,437.775908,451.206301,91291.180000
2026-03-28 12:00:00+00:00,451.206301,455.162829,450.009509,453.966036,84824.300000
2026-03-28 13:00:00+00:00,453.966036,454.185680,453.205086,453.424730,80590.230000
2026-03-28 14:00:00+00:00,453.424730,455.041334,450.705555,452.322158,109569.190000
2026-03-28 15:00:00+00:00,452.322158,452.444358,448.491591,448.613791,75315.150000
2026-03-28 16:00:00+00:00,448.613791,451.106354,441.452842,443.945405,114394.290000
2026-03-28 17:00:00+00:00,443.945405,445.201503,443.075092,444.331190,104645.150000
2026-03-28 18:00:00+00:00,444.331190,446.299550,437.623834,439.592194,119934.170000
2026-03-28 19:00:00+00:00,439.592194,440.401896,435.599734,436.409435,106374.020000
2026-03-28 20:00:00+00:00,436.409435,438.271552,429.036667,430.898784,71125.120000
2026-03-28 21:00:00+00:00,430.898784,440.855567,421.629786,431.586568,76230.350000
2026-03-28 22:00:00+00:00,431.586568,438.223955,415.230302,421.867689,101643.220000
2026-03-28 23:00:00+00:00,421.867689,428.175099,415.911370,422.218781,88554.780000
2026-03-29 00:00:00+00:00,422.218781,435.651189,412.657683,426.090091,110643.420000
2026-03-29 01:00:00+00:00,426.090091,436.244063,423.728530,433.882502,120759.400000
2026-03-29 02:00:00+00:00,433.882502,435.310950,433.781343,435.209791,83118.340000
2026-03-29 03:00:00+00:00,435.209791,441.926500,425.945490,432.662199,92144.820000
2026-03-29 04:00:00+00:00,432.662199,439.092141,428.869542,435.299483,94701.810000
2026-03-29 05:00:00+00:00,435.299483,436.127128,431.082122,431.909767,116066.320000
2026-03-29 06:00:00+00:00,431.909767,438.791748,430.519104,437.401085,88111.500000
2026-03-29 07:00:00+00:00,437.401085,441.131981,435.926622,439.657517,96478.750000
2026-03-29 08:00:00+00:00,439.657517,452.327178,432.742304,445.411965,106220.020000
2026-03-29 09:00:00+00:00,445.411965,453.719830,443.659105,451.966970,95439.860000
2026-03-29 10:00:00+00:00,451.966970,456.096995,448.266196,452.396221,99709.670000
2026-03-29 11:00:00+00:00,452.396221,454.743361,446.155910,448.503050,123660.590000
2026-03-29 12:00:00+00:00,448.503050,462.633168,441.176431,455.306550,108983.810000
2026-03-29 13:00:00+00:00,455.306550,467.335020,451.360155,463.388625,114894.750000
2026-03-29 14:00:00+00:00,463.388625,472.873455,460.987445,470.472274,68650.520000
2026-03-29 15:00:00+00:00,470.472274,483.880282,464.463572,477.871580,99300.120000
2026-03-29 16:00:00+00:00,477.871580,479.609635,473.889621,475.627676,104475.830000
2026-03-29 17:00:00+00:00,475.627676,477.959449,474.100464,476.432237,122590.760000
2026-03-29 18:00:00+00:00,476.432237,478.121892,475.735448,477.425104,75259.670000
2026-03-29 19:00:00+00:00,477.425104,487.712266,476.195104,486.482266,126198.640000
2026-03-29 20:00:00+00:00,486.482266,489.011806,477.241688,479.771228,76353.940000
2026-03-29 21:00:00+00:00,479.771228,485.589301,474.598072,480.416145,96751.090000
2026-03-29 22:00:00+00:00,480.416145,485.715392,467.968582,473.267829,108456.900000
2026-03-29 23:00:00+00:00,473.267829,484.163789,469.924654,480.820615,101609.050000
2026-03-30 00:00:00+00:00,480.820615,480.846346,479.136285,479.162016,107722.050000
2026-03-30 01:00:00+00:00,479.162016,486.579107,467.799140,475.216231,97905.430000
2026-03-30 02:00:00+00:00,475.216231,475.340505,474.318287,474.442561,123135.720000
2026-03-30 03:00:00+00:00,474.442561,474.731686,470.990874,471.280000,110515.840000
2026-03-30 04:00:00+00:00,471.280000,477.469246,470.124122,476.313369,95501.090000
2026-03-30 05:00:00+00:00,476.313369,479.676660,475.983164,479.346455,114038.920000
2026-03-30 06:00:00+00:00,479.346455,482.664382,478.155377,481.473305,113827.890000
2026-03-30 07:00:00+00:00,481.473305,486.216978,479.861686,484.605360,80785.340000
2026-03-30 08:00:00+00:00,484.605360,485.907653,484.112522,485.414816,102051.970000
2026-03-30 09:00:00+00:00,485.414816,491.628650,482.516653,488.730487,112393.020000
2026-03-30 10:00:00+00:00,488.730487,493.290588,483.118856,487.678956,80459.720000
2026-03-30 11:00:00+00:00,487.678956,498.250254,473.601640,484.172938,88588.120000
2026-03-30 12:00:00+00:00,484.172938,486.435678,479.158378,481.421118,125801.030000
2026-03-30 13:00:00+00:00,481.421118,491.700065,473.062469,483.341416,78976.320000
2026-03-30 14:00:00+00:00,483.341416,491.364569,482.028499,490.051652,72933.700000
2026-03-30 15:00:00+00:00,490.051652,493.983230,483.528535,487.460113,119595.630000
2026-03-30 16:00:00+00:00,487.460113,489.812618,481.136963,483.489469,109481.890000
2026-03-30 17:00:00+00:00,483.489469,486.785108,478.903769,482.199408,103731.250000
2026-03-30 18:00:00+00:00,482.199408,483.551996,480.595012,481.947599,75534.540000
2026-03-30 19:00:00+00:00,481.947599,492.501032,480.029871,490.583303,93282.590000
2026-03-30 20:00:00+00:00,490.583303,496.827974,489.571765,495.816436,70734.030000
2026-03-30 21:00:00+00:00,495.816436,495.901503,493.526347,493.611414,70821.870000
2026-03-30 22:00:00+00:00,493.611414,498.114346,490.709589,495.212521,117519.640000
2026-03-30 23:00:00+00:00,495.212521,497.493171,487.531502,489.812152,87854.110000
2026-03-31 00:00:00+00:00,489.812152,495.482240,480.288414,485.958502,96391.300000
2026-03-31 01:00:00+00:00,485.958502,489.917258,479.033691,482.992447,109641.040000
2026-03-31 02:00:00+00:00,482.992447,484.809793,477.840991,479.658336,82127.570000
2026-03-31 03:00:00+00:00,479.658336,483.374926,475.712821,479.429411,122256.850000
2026-03-31 04:00:00+00:00,479.429411,483.046981,474.161810,477.779379,115430.380000
2026-03-31 05:00:00+00:00,477.779379,483.913650,476.064675,482.198945,99136.450000
2026-03-31 06:00:00+00:00,482.198945,503.058097,477.009964,497.869116,76958.690000
2026-03-31 07:00:00+00:00,497.869116,503.212713,493.844340,499.187938,109572.980000
2026-03-31 08:00:00+00:00,499.187938,501.240997,493.598575,495.651635,76429.190000
2026-03-31 09:00:00+00:00,495.651635,502.668696,495.471796,502.488857,108681.680000
2026-03-31 10:00:00+00:00,502.488857,507.060502,496.013852,500.585497,105010.370000
2026-03-31 11:00:00+00:00,500.585497,507.460461,491.288441,498.163405,71423.330000
2026-03-31 12:00:00+00:00,498.163405,505.366729,489.538172,496.741496,104043.720000
2026-03-31 13:00:00+00:00,496.741496,498.401259,494.387255,496.047018,72157.690000
2026-03-31 14:00:00+00:00,496.047018,499.754846,495.072709,498.780536,71608.230000
2026-03-31 15:00:00+00:00,498.780536,498.854120,498.291504,498.365087,60606.080000
2026-03-31 16:00:00+00:00,498.365087,499.225723,496.665309,497.525944,62378.480000
2026-03-31 17:00:00+00:00,497.525944,499.297699,495.790322,497.562077,68520.370000
2026-03-31 18:00:00+00:00,497.562077,498.998527,496.312402,497.748852,52347.870000
2026-03-31 19:00:00+00:00,497.748852,500.724120,495.998252,498.973520,45313.400000
2026-03-31 20:00:00+00:00,498.973520,500.974480,494.815944,496.816904,77669.970000
2026-03-31 21:00:00+00:00,496.816904,499.829290,495.886093,498.898479,66091.310000
2026-03-31 22:00:00+00:00,498.898479,501.662892,495.048901,497.813314,67852.950000
2026-03-31 23:00:00+00:00,497.813314,500.264125,497.525212,499.976022,73095.010000
2026-04-01 00:00:00+00:00,499.976022,502.502006,497.991566,500.517551,60329.720000
2026-04-01 01:00:00+00:00,500.517551,504.749793,497.070226,501.302468,67665.950000
2026-04-01 02:00:00+00:00,501.302468,501.605475,498.883236,499.186244,44829.540000
2026-04-01 03:00:00+00:00,499.186244,501.268728,496.152061,498.234545,57949.520000
2026-04-01 04:00:00+00:00,498.234545,506.119903,495.152717,503.038074,66189.740000
2026-04-01 05:00:00+00:00,503.038074,503.617133,502.204398,502.783456,73148.520000
2026-04-01 06:00:00+00:00,502.783456,508.274359,500.931554,506.422456,63190.730000
2026-04-01 07:00:00+00:00,506.422456,510.158419,505.496822,509.232785,72529.940000
2026-04-01 08:00:00+00:00,509.232785,516.297061,507.101275,514.165552,51334.350000
2026-04-01 09:00:00+00:00,514.165552,514.480454,512.642826,512.957728,74499.030000
2026-04-01 10:00:00+00:00,512.957728,514.182079,512.627103,513.851454,64803.530000
2026-04-01 11:00:00+00:00,513.851454,519.099510,510.446047,515.694103,49556.780000
2026-04-01 12:00:00+00:00,515.694103,521.881031,513.888712,520.075640,48186.860000
2026-04-01 13:00:00+00:00,520.075640,526.770627,518.840662,525.535648,49868.190000
2026-04-01 14:00:00+00:00,525.535648,527.451009,525.467720,527.383081,43181.370000
2026-04-01 15:00:00+00:00,527.383081,529.045782,526.873143,528.535843,54678.810000
2026-04-01 16:00:00+00:00,528.535843,534.025336,527.673521,533.163014,45985.670000
2026-04-01 17:00:00+00:00,533.163014,539.990304,531.889446,538.716736,64040.210000
2026-04-01 18:00:00+00:00,538.716736,542.132697,536.204719,539.620680,59163.650000
2026-04-01 19:00:00+00:00,539.620680,539.650374,539.479838,539.509532,52418.880000
2026-04-01 20:00:00+00:00,539.509532,544.538516,536.899480,541.928464,50270.040000
2026-04-01 21:00:00+00:00,541.928464,545.984921,540.852652,544.909109,69833.750000
2026-04-01 22:00:00+00:00,544.909109,548.591572,543.845248,547.527711,71250.900000
2026-04-01 23:00:00+00:00,547.527711,549.331225,546.135935,547.939450,46233.860000
2026-04-02 00:00:00+00:00,547.939450,555.799026,543.987656,551.847232,72836.720000
2026-04-02 01:00:00+00:00,551.847232,558.274315,548.957752,555.384835,70215.040000
2026-04-02 02:00:00+00:00,555.384835,555.401315,551.890949,551.907429,56629.560000
2026-04-02 03:00:00+00:00,551.907429,556.403609,550.477655,554.973834,67398.050000
2026-04-02 04:00:00+00:00,554.973834,559.441291,551.173279,555.640736,76969.450000
2026-04-02 05:00:00+00:00,555.640736,556.970867,553.234234,554.564365,61151.490000
2026-04-02 06:00:00+00:00,554.564365,561.277654,551.896137,558.609425,59655.140000
2026-04-02 07:00:00+00:00,558.609425,559.334794,556.854609,557.579978,59146.390000
2026-04-02 08:00:00+00:00,557.579978,560.344680,556.622666,559.387368,64702.460000
2026-04-02 09:00:00+00:00,559.387368,560.114764,556.068243,556.795639,53406.410000
2026-04-02 10:00:00+00:00,556.795639,561.877844,555.420929,560.503134,43044.600000
2026-04-02 11:00:00+00:00,560.503134,563.820282,558.729740,562.046888,51981.550000
2026-04-02 12:00:00+00:00,562.046888,563.232307,560.594209,561.779628,56171.780000
2026-04-02 13:00:00+00:00,561.779628,563.167516,559.602066,560.989953,47658.970000
2026-04-02 14:00:00+00:00,560.989953,569.914888,556.583337,565.508271,72825.720000
2026-04-02 15:00:00+00:00,565.508271,568.708835,565.024187,568.224751,51821.030000
2026-04-02 16:00:00+00:00,568.224751,572.513296,564.667715,568.956260,64132.640000
2026-04-02 17:00:00+00:00,568.956260,570.324645,566.179605,567.547990,43418.560000
2026-04-02 18:00:00+00:00,567.547990,568.357146,565.443301,566.252457,63352.910000
2026-04-02 19:00:00+00:00,566.252457,567.569651,564.025170,565.342364,58478.660000
2026-04-02 20:00:00+00:00,565.342364,567.068384,563.272763,564.998784,58304.730000
2026-04-02 21:00:00+00:00,564.998784,567.766889,564.931487,567.699592,71145.540000
2026-04-02 22:00:00+00:00,567.699592,570.093328,566.238451,568.632187,73589.040000
2026-04-02 23:00:00+00:00,568.632187,569.088157,568.122072,568.578042,63682.240000
2026-04-03 00:00:00+00:00,568.578042,569.689269,567.528950,568.640177,73534.940000
2026-04-03 01:00:00+00:00,568.640177,569.392902,566.716707,567.469432,56673.540000
2026-04-03 02:00:00+00:00,567.469432,573.413692,564.147988,570.092248,65104.670000
2026-04-03 03:00:00+00:00,570.092248,577.501486,565.456618,572.865856,66640.970000
2026-04-03 04:00:00+00:00,572.865856,577.444347,572.238113,576.816605,50681.950000
2026-04-03 05:00:00+00:00,576.816605,577.695600,574.998718,575.877713,70474.680000
2026-04-03 06:00:00+00:00,575.877713,580.294009,572.932469,577.348764,44235.710000
2026-04-03 07:00:00+00:00,577.348764,579.309513,577.248827,579.209576,48888.570000
2026-04-03 08:00:00+00:00,579.209576,580.290699,576.940541,578.021664,62120.570000
2026-04-03 09:00:00+00:00,578.021664,579.117009,577.962916,579.058260,51765.250000
2026-04-03 10:00:00+00:00,579.058260,581.683357,575.420742,578.045838,56617.530000
2026-04-03 11:00:00+00:00,578.045838,580.304977,574.555744,576.814883,76492.820000
2026-04-03 12:00:00+00:00,576.814883,583.835532,573.601575,580.622225,59234.370000
2026-04-03 13:00:00+00:00,580.622225,580.718314,576.486373,576.582462,75860.340000
2026-04-03 14:00:00+00:00,576.582462,578.736542,576.009627,578.163708,55234.780000
2026-04-03 15:00:00+00:00,578.163708,580.596514,577.877375,580.310180,49025.080000
2026-04-03 16:00:00+00:00,580.310180,584.295128,576.473487,580.458434,58173.980000
2026-04-03 17:00:00+00:00,580.458434,588.206156,578.465202,586.212924,53905.370000
2026-04-03 18:00:00+00:00,586.212924,588.340791,583.236644,585.364511,75673.740000
2026-04-03 19:00:00+00:00,585.364511,588.087724,583.621804,586.345017,45843.800000
2026-04-03 20:00:00+00:00,586.345017,592.719862,584.803262,591.178107,64880.620000
2026-04-03 21:00:00+00:00,591.178107,592.911935,589.500774,591.234603,72691.300000
2026-04-03 22:00:00+00:00,591.234603,594.055430,589.026687,591.847515,62956.080000
2026-04-03 23:00:00+00:00,591.847515,594.330547,588.023191,590.506223,49483.780000
2026-04-04 00:00:00+00:00,590.506223,592.286746,588.789992,590.570515,54903.100000
2026-04-04 01:00:00+00:00,590.570515,596.212807,588.452264,594.094555,75821.560000
2026-04-04 02:00:00+00:00,594.094555,595.214548,590.808460,591.928453,69340.090000
2026-04-04 03:00:00+00:00,591.928453,597.842224,590.549790,596.463561,59508.570000
2026-04-04 04:00:00+00:00,596.463561,600.685579,595.569465,599.791484,59444.420000
2026-04-04 05:00:00+00:00,599.791484,601.345624,595.973248,597.527389,71428.050000
2026-04-04 06:00:00+00:00,597.527389,602.789298,595.713652,600.975561,51021.900000
2026-04-04 07:00:00+00:00,600.975561,603.143376,600.046147,602.213961,59601.680000
2026-04-04 08:00:00+00:00,602.213961,604.249732,600.248757,602.284527,60264.730000
2026-04-04 09:00:00+00:00,602.284527,602.631859,598.698369,599.045701,70914.830000
2026-04-04 10:00:00+00:00,599.045701,599.893286,597.770094,598.617678,72970.550000
2026-04-04 11:00:00+00:00,598.617678,603.397133,597.067486,601.846941,75590.130000
2026-04-04 12:00:00+00:00,601.846941,602.039590,601.063946,601.256596,63917.000000
2026-04-04 13:00:00+00:00,601.256596,603.255909,598.513708,600.513022,75709.100000
2026-04-04 14:00:00+00:00,600.513022,602.675395,597.950565,600.112938,72372.650000
2026-04-04 15:00:00+00:00,600.112938,601.756471,598.327564,599.971097,71506.480000
2026-04-04 16:00:00+00:00,599.971097,601.400254,599.787376,601.216533,76672.780000
2026-04-04 17:00:00+00:00,601.216533,604.236168,600.004629,603.024264,56397.550000
2026-04-04 18:00:00+00:00,603.024264,608.808307,599.889567,605.673610,55111.400000
2026-04-04 19:00:00+00:00,605.673610,607.903807,604.880999,607.111196,62800.590000
2026-04-04 20:00:00+00:00,607.111196,608.360580,606.771792,608.021176,68616.240000
2026-04-04 21:00:00+00:00,608.021176,610.712935,607.420034,610.111792,65510.500000
2026-04-04 22:00:00+00:00,610.111792,613.480575,610.060536,613.429318,51374.270000
2026-04-04 23:00:00+00:00,613.429318,616.025902,610.833714,613.430298,56760.560000
2026-04-05 00:00:00+00:00,613.430298,613.697061,613.255355,613.522118,45282.710000
2026-04-05 01:00:00+00:00,613.522118,615.161592,612.675441,614.314915,49469.290000
2026-04-05 02:00:00+00:00,614.314915,619.738471,613.063100,618.486655,61459.200000
2026-04-05 03:00:00+00:00,618.486655,621.643378,614.572171,617.728894,51856.280000
2026-04-05 04:00:00+00:00,617.728894,621.461228,617.381572,621.113905,68179.790000
2026-04-05 05:00:00+00:00,621.113905,622.132133,617.321376,618.339604,67374.700000
2026-04-05 06:00:00+00:00,618.339604,619.141976,616.914283,617.716655,70942.130000
2026-04-05 07:00:00+00:00,617.716655,623.438589,614.883561,620.605495,57768.600000
2026-04-05 08:00:00+00:00,620.605495,622.476046,618.018411,619.888962,66533.760000
2026-04-05 09:00:00+00:00,619.888962,621.799631,614.384243,616.294912,46682.340000
2026-04-05 10:00:00+00:00,616.294912,623.516409,614.322191,621.543688,52679.350000
2026-04-05 11:00:00+00:00,621.543688,629.285283,617.045546,624.787141,77742.380000
2026-04-05 12:00:00+00:00,624.787141,632.742598,620.102976,628.058434,49786.570000
2026-04-05 13:00:00+00:00,628.058434,630.609546,628.033742,630.584854,49049.820000
2026-04-05 14:00:00+00:00,630.584854,631.430077,625.615012,626.460235,63166.810000
2026-04-05 15:00:00+00:00,626.460235,631.232206,623.448849,628.220820,50966.270000
2026-04-05 16:00:00+00:00,628.220820,634.725670,625.537592,632.042443,72242.750000
2026-04-05 17:00:00+00:00,632.042443,635.976307,631.061730,634.995595,47651.270000
2026-04-05 18:00:00+00:00,634.995595,635.759209,631.021433,631.785047,65437.580000
2026-04-05 19:00:00+00:00,631.785047,636.963432,628.476483,633.654869,50989.740000
2026-04-05 20:00:00+00:00,633.654869,635.156951,632.798162,634.300245,49084.060000
2026-04-05 21:00:00+00:00,634.300245,639.455870,631.888303,637.043928,64201.200000
2026-04-05 22:00:00+00:00,637.043928,642.073680,632.007345,637.037097,60356.630000
2026-04-05 23:00:00+00:00,637.037097,640.760955,635.489904,639.213762,77075.510000
2026-04-06 00:00:00+00:00,639.213762,641.885947,636.138825,638.811011,74805.910000
2026-04-06 01:00:00+00:00,638.811011,641.418166,636.755044,639.362199,69635.460000
2026-04-06 02:00:00+00:00,639.362199,644.453234,635.624132,640.715167,44932.310000
2026-04-06 03:00:00+00:00,640.715167,641.498259,638.445913,639.229005,50469.290000
2026-04-06 04:00:00+00:00,639.229005,641.607220,634.890542,637.268756,76962.980000
2026-04-06 05:00:00+00:00,637.268756,637.281499,634.044979,634.057722,72035.490000
2026-04-06 06:00:00+00:00,634.057722,640.129378,631.559474,637.631130,51242.310000
2026-04-06 07:00:00+00:00,637.631130,638.260276,637.520449,638.149595,67182.360000
2026-04-06 08:00:00+00:00,638.149595,639.956924,637.982646,639.789976,65144.850000
2026-04-06 09:00:00+00:00,639.789976,641.641741,639.427572,641.279337,67215.080000
2026-04-06 10:00:00+00:00,641.279337,641.701360,639.601316,640.023339,45610.030000
2026-04-06 11:00:00+00:00,640.023339,640.767089,636.835337,637.579086,48849.350000
2026-04-06 12:00:00+00:00,637.579086,641.978397,636.674016,641.073326,42811.770000
2026-04-06 13:00:00+00:00,641.073326,645.077042,640.736151,644.739867,70744.800000
2026-04-06 14:00:00+00:00,644.739867,646.662239,644.160970,646.083342,75021.480000
2026-04-06 15:00:00+00:00,646.083342,646.140471,644.981024,645.038153,64227.250000
2026-04-06 16:00:00+00:00,645.038153,646.749541,642.041784,643.753172,60624.420000
2026-04-06 17:00:00+00:00,643.753172,647.082307,641.541154,644.870289,66468.420000
2026-04-06 18:00:00+00:00,644.870289,648.996261,642.378297,646.504269,61955.560000
2026-04-06 19:00:00+00:00,646.504269,647.324735,644.018350,644.838816,50885.900000
2026-04-06 20:00:00+00:00,644.838816,645.022101,642.918466,643.101751,53866.760000
2026-04-06 21:00:00+00:00,643.101751,649.050095,639.972541,645.920885,63091.030000
2026-04-06 22:00:00+00:00,645.920885,648.151174,641.759069,643.989357,56699.130000
2026-04-06 23:00:00+00:00,643.989357,646.164653,642.539398,644.714693,68341.910000
2026-04-07 00:00:00+00:00,644.714693,646.402866,643.075427,644.763599,58987.950000
2026-04-07 01:00:00+00:00,644.763599,647.562116,639.982729,642.781246,60777.790000
2026-04-07 02:00:00+00:00,642.781246,644.401749,640.725416,642.345920,77874.140000
2026-04-07 03:00:00+00:00,642.345920,648.293089,640.296210,646.243379,49681.360000
2026-04-07 04:00:00+00:00,646.243379,651.345758,645.355205,650.457584,43030.640000
2026-04-07 05:00:00+00:00,650.457584,651.371159,649.622381,650.535956,70097.170000
2026-04-07 06:00:00+00:00,650.535956,651.929231,648.800261,650.193537,67602.460000
2026-04-07 07:00:00+00:00,650.193537,651.546007,646.508011,647.860481,65651.730000
2026-04-07 08:00:00+00:00,647.860481,648.502301,646.545212,647.187031,46875.190000
2026-04-07 09:00:00+00:00,647.187031,649.254559,643.539340,645.606868,76448.510000
2026-04-07 10:00:00+00:00,645.606868,650.098197,643.603051,648.094381,65473.710000
2026-04-07 11:00:00+00:00,648.094381,652.114598,647.190847,651.211065,43756.030000
2026-04-07 12:00:00+00:00,651.211065,653.667342,649.621123,652.077400,77864.310000
2026-04-07 13:00:00+00:00,652.077400,654.127918,650.941803,652.992321,54622.220000
2026-04-07 14:00:00+00:00,652.992321,657.112940,652.157026,656.277646,43567.380000
2026-04-07 15:00:00+00:00,656.277646,664.998552,654.238450,662.959356,55629.390000
2026-04-07 16:00:00+00:00,662.959356,665.301223,662.360561,664.702427,57157.830000
2026-04-07 17:00:00+00:00,664.702427,665.581892,661.187360,662.066825,69336.110000
2026-04-07 18:00:00+00:00,662.066825,662.466053,658.015742,658.414970,73454.090000
2026-04-07 19:00:00+00:00,658.414970,658.453726,656.396720,656.435476,66246.590000
2026-04-07 20:00:00+00:00,656.435476,661.386660,651.892354,656.843537,61352.860000
2026-04-07 21:00:00+00:00,656.843537,659.463198,653.253789,655.873449,73941.990000
2026-04-07 22:00:00+00:00,655.873449,657.746597,652.895925,654.769073,63176.780000
2026-04-07 23:00:00+00:00,654.769073,655.202092,653.802905,654.235923,49415.840000
2026-04-08 00:00:00+00:00,654.235923,659.209525,651.936552,656.910153,70346.170000
2026-04-08 01:00:00+00:00,656.910153,657.888467,653.431196,654.409509,57459.250000
2026-04-08 02:00:00+00:00,654.409509,662.405682,650.530641,658.526814,54968.000000
2026-04-08 03:00:00+00:00,658.526814,659.671384,653.782819,654.927389,65420.400000
2026-04-08 04:00:00+00:00,654.927389,658.527286,650.797581,654.397478,66248.170000
2026-04-08 05:00:00+00:00,654.397478,655.159185,652.176530,652.938237,70732.540000
2026-04-08 06:00:00+00:00,652.938237,653.829064,648.221565,649.112392,57097.190000
2026-04-08 07:00:00+00:00,649.112392,650.437121,647.923698,649.248427,48751.350000
2026-04-08 08:00:00+00:00,649.248427,651.313374,649.236589,651.301536,69939.470000
2026-04-08 09:00:00+00:00,651.301536,653.039805,646.861483,648.599752,77606.420000
2026-04-08 10:00:00+00:00,648.599752,650.613597,644.932830,646.946675,43189.720000
2026-04-08 11:00:00+00:00,646.946675,651.903207,645.561230,650.517762,45263.910000
2026-04-08 12:00:00+00:00,650.517762,653.715138,647.087991,650.285368,50623.450000
2026-04-08 13:00:00+00:00,650.285368,653.717382,649.278873,652.710887,57966.910000
2026-04-08 14:00:00+00:00,652.710887,654.065584,651.375095,652.729791,62019.430000
2026-04-08 15:00:00+00:00,652.729791,656.234786,647.880427,651.385423,65050.500000
2026-04-08 16:00:00+00:00,651.385423,655.084236,649.313985,653.012798,61516.160000
2026-04-08 17:00:00+00:00,653.012798,655.374822,651.626426,653.988450,67982.400000
2026-04-08 18:00:00+00:00,653.988450,660.709096,651.861502,658.582148,75189.680000
2026-04-08 19:00:00+00:00,658.582148,663.156115,651.387957,655.961924,62712.650000
2026-04-08 20:00:00+00:00,655.961924,657.866132,655.155622,657.059830,49592.170000
2026-04-08 21:00:00+00:00,657.059830,658.657072,653.536409,655.133652,59212.420000
2026-04-08 22:00:00+00:00,655.133652,656.420114,652.271511,653.557973,43800.630000
2026-04-08 23:00:00+00:00,653.557973,654.068632,650.508971,651.019631,47466.750000
2026-04-09 00:00:00+00:00,651.019631,651.125547,650.974990,651.080907,46911.880000
2026-04-09 01:00:00+00:00,651.080907,652.485952,647.966629,649.371674,46229.540000
2026-04-09 02:00:00+00:00,649.371674,652.475976,646.657670,649.761972,67075.960000
2026-04-09 03:00:00+00:00,649.761972,650.833200,646.852807,647.924035,58717.160000
2026-04-09 04:00:00+00:00,647.924035,652.434770,645.880908,650.391643,44442.080000
2026-04-09 05:00:00+00:00,650.391643,651.442746,645.557775,646.608878,72103.560000
2026-04-09 06:00:00+00:00,646.608878,648.881603,644.007718,646.280443,68499.530000
2026-04-09 07:00:00+00:00,646.280443,648.554978,645.078001,647.352536,67463.120000
2026-04-09 08:00:00+00:00,647.352536,648.106812,643.958090,644.712366,71209.810000
2026-04-09 09:00:00+00:00,644.712366,648.036075,640.850089,644.173797,76254.990000
2026-04-09 10:00:00+00:00,644.173797,645.332886,643.767212,644.926301,52951.430000
2026-04-09 11:00:00+00:00,644.926301,646.120296,644.891387,646.085382,45548.240000
2026-04-09 12:00:00+00:00,646.085382,650.789210,644.212161,648.915989,66443.550000
2026-04-09 13:00:00+00:00,648.915989,652.027505,645.535130,648.646646,54270.910000
2026-04-09 14:00:00+00:00,648.646646,654.011380,646.314403,651.679138,73392.380000
2026-04-09 15:00:00+00:00,651.679138,654.222819,650.177317,652.720998,49927.020000
2026-04-09 16:00:00+00:00,652.720998,656.412601,649.513471,653.205073,48557.210000
2026-04-09 17:00:00+00:00,653.205073,655.267730,651.514386,653.577042,58122.060000
2026-04-09 18:00:00+00:00,653.577042,654.568738,648.053630,649.045326,53337.800000
2026-04-09 19:00:00+00:00,649.045326,651.990103,648.962081,651.906858,66420.100000
2026-04-09 20:00:00+00:00,651.906858,654.601949,651.683225,654.378315,75107.620000
2026-04-09 21:00:00+00:00,654.378315,657.118458,652.383057,655.123200,49480.360000
2026-04-09 22:00:00+00:00,655.123200,655.476437,652.923907,653.277145,47086.110000
2026-04-09 23:00:00+00:00,653.277145,655.688798,652.492331,654.903984,71171.810000
2026-04-10 00:00:00+00:00,654.903984,660.229729,654.173219,659.498964,61918.590000
2026-04-10 01:00:00+00:00,659.498964,663.798954,655.474167,659.774157,60949.930000
2026-04-10 02:00:00+00:00,659.774157,661.139548,657.052321,658.417713,47522.200000
2026-04-10 03:00:00+00:00,658.417713,660.918613,651.372449,653.873349,45800.390000
2026-04-10 04:00:00+00:00,653.873349,654.889056,651.979604,652.995312,63274.050000
2026-04-10 05:00:00+00:00,652.995312,656.555143,650.920285,654.480117,60606.790000
2026-04-10 06:00:00+00:00,654.480117,655.708412,653.357484,654.585779,62220.100000
2026-04-10 07:00:00+00:00,654.585779,655.898504,649.735266,651.047991,61568.450000
2026-04-10 08:00:00+00:00,651.047991,655.132970,649.372153,653.457132,47364.680000
2026-04-10 09:00:00+00:00,653.457132,655.273949,648.146672,649.963489,43446.740000
2026-04-10 10:00:00+00:00,649.963489,652.767351,648.658933,651.462794,49587.250000
2026-04-10 11:00:00+00:00,651.462794,654.391757,651.179546,654.108508,74575.340000
2026-04-10 12:00:00+00:00,654.108508,656.994158,647.735974,650.621623,53449.500000
2026-04-10 13:00:00+00:00,650.621623,651.151656,650.229838,650.759870,64140.660000
2026-04-10 14:00:00+00:00,650.759870,657.422788,650.024754,656.687671,70855.240000
2026-04-10 15:00:00+00:00,656.687671,659.684837,653.700039,656.697205,62106.040000
2026-04-10 16:00:00+00:00,656.697205,658.164366,652.456595,653.923756,68878.120000
2026-04-10 17:00:00+00:00,653.923756,655.619096,652.676888,654.372228,77698.510000
2026-04-10 18:00:00+00:00,654.372228,656.375630,651.933754,653.937157,51256.610000
2026-04-10 19:00:00+00:00,653.937157,656.908220,648.809139,651.780202,46346.790000
2026-04-10 20:00:00+00:00,651.780202,654.761926,648.665404,651.647129,63393.650000
2026-04-10 21:00:00+00:00,651.647129,655.393626,645.392113,649.138610,45588.560000
2026-04-10 22:00:00+00:00,649.138610,651.465311,649.118389,651.445090,66147.350000
2026-04-10 23:00:00+00:00,651.445090,653.835166,648.274482,650.664558,45559.420000
2026-04-11 00:00:00+00:00,650.664558,651.672020,648.326453,649.333916,44293.700000
2026-04-11 01:00:00+00:00,649.333916,651.430340,648.658550,650.754973,77949.300000
2026-04-11 02:00:00+00:00,650.754973,659.705703,644.194224,653.144953,69809.910000
2026-04-11 03:00:00+00:00,653.144953,654.565771,649.495870,650.916687,50917.090000
2026-04-11 04:00:00+00:00,650.916687,653.511414,649.211854,651.806581,50500.070000
2026-04-11 05:00:00+00:00,651.806581,653.016282,649.872095,651.081795,59936.580000
2026-04-11 06:00:00+00:00,651.081795,654.082431,645.149334,648.149970,43545.960000
2026-04-11 07:00:00+00:00,648.149970,648.385316,647.255429,647.490775,47660.470000
2026-04-11 08:00:00+00:00,647.490775,649.748034,643.327883,645.585141,69261.140000
2026-04-11 09:00:00+00:00,645.585141,650.361701,644.929781,649.706340,52908.670000
2026-04-11 10:00:00+00:00,649.706340,653.071360,645.159760,648.524780,55291.460000
2026-04-11 11:00:00+00:00,648.524780,649.670612,645.721796,646.867628,69665.460000
2026-04-11 12:00:00+00:00,646.867628,648.721890,643.880863,645.735125,71109.390000
2026-04-11 13:00:00+00:00,645.735125,647.344752,645.470172,647.079799,47632.270000
2026-04-11 14:00:00+00:00,647.079799,649.062017,646.962356,648.944574,60041.690000
2026-04-11 15:00:00+00:00,648.944574,649.644619,647.472270,648.172314,62987.700000
2026-04-11 16:00:00+00:00,648.172314,651.136075,648.109314,651.073074,50042.410000
2026-04-11 17:00:00+00:00,651.073074,655.177317,643.673980,647.778223,66129.650000
2026-04-11 18:00:00+00:00,647.778223,649.103143,646.619880,647.944800,62250.020000
2026-04-11 19:00:00+00:00,647.944800,652.903772,645.205187,650.164159,51491.610000
2026-04-11 20:00:00+00:00,650.164159,651.088072,648.379878,649.303791,50141.030000
2026-04-11 21:00:00+00:00,649.303791,654.083730,646.928666,651.708605,69428.850000
2026-04-11 22:00:00+00:00,651.708605,660.598960,646.392489,655.282844,72986.550000
2026-04-11 23:00:00+00:00,655.282844,656.756324,655.075723,656.549202,71434.210000
2026-04-12 00:00:00+00:00,656.549202,657.815695,656.132741,657.399233,59710.500000
2026-04-12 01:00:00+00:00,657.399233,660.992433,647.703847,651.297047,75787.970000
2026-04-12 02:00:00+00:00,651.297047,654.637807,648.937729,652.278489,69722.330000
2026-04-12 03:00:00+00:00,652.278489,653.405993,644.285113,645.412617,75178.940000
2026-04-12 04:00:00+00:00,645.412617,647.851940,639.114748,641.554070,57907.070000
2026-04-12 05:00:00+00:00,641.554070,643.866578,640.471882,642.784390,57378.640000
2026-04-12 06:00:00+00:00,642.784390,644.751025,642.440211,644.406845,77816.240000
2026-04-12 07:00:00+00:00,644.406845,645.369145,640.900770,641.863070,62392.970000
2026-04-12 08:00:00+00:00,641.863070,645.053465,637.651871,640.842266,54460.110000
2026-04-12 09:00:00+00:00,640.842266,645.808801,638.556758,643.523293,74971.460000
2026-04-12 10:00:00+00:00,643.523293,644.438837,640.918430,641.833974,68469.250000
2026-04-12 11:00:00+00:00,641.833974,643.881451,639.328501,641.375977,51415.560000
2026-04-12 12:00:00+00:00,641.375977,643.441519,638.400856,640.466397,42376.670000
2026-04-12 13:00:00+00:00,640.466397,642.595316,639.761830,641.890750,64531.420000
2026-04-12 14:00:00+00:00,641.890750,642.633439,638.658688,639.401377,60659.140000
2026-04-12 15:00:00+00:00,639.401377,642.136097,638.226831,640.961550,69917.930000
2026-04-12 16:00:00+00:00,640.961550,642.039535,638.398726,639.476711,77801.920000
2026-04-12 17:00:00+00:00,639.476711,639.886684,635.917745,636.327718,47646.840000
2026-04-12 18:00:00+00:00,636.327718,639.146411,630.543834,633.362527,45346.220000
2026-04-12 19:00:00+00:00,633.362527,635.768262,632.806895,635.212630,60810.680000
2026-04-12 20:00:00+00:00,635.212630,637.398637,635.173776,637.359783,66368.130000
2026-04-12 21:00:00+00:00,637.359783,641.807506,631.262116,635.709839,66208.680000
2026-04-12 22:00:00+00:00,635.709839,636.748688,633.596641,634.635489,61856.810000
2026-04-12 23:00:00+00:00,634.635489,637.416812,633.590188,636.371511,65682.690000
2026-04-13 00:00:00+00:00,636.371511,640.752046,633.495471,637.876006,69931.970000
2026-04-13 01:00:00+00:00,637.876006,638.320680,636.949395,637.394069,68855.480000
2026-04-13 02:00:00+00:00,637.394069,639.297031,636.585327,638.488290,68241.860000
2026-04-13 03:00:00+00:00,638.488290,640.366269,633.532932,635.410912,75089.710000
2026-04-13 04:00:00+00:00,635.410912,637.985238,631.163967,633.738293,66917.940000
2026-04-13 05:00:00+00:00,633.738293,634.078379,627.839010,628.179096,77354.360000
2026-04-13 06:00:00+00:00,628.179096,632.783031,627.073406,631.677340,57347.790000
2026-04-13 07:00:00+00:00,631.677340,631.992804,629.183939,629.499402,43213.980000
2026-04-13 08:00:00+00:00,629.499402,630.346285,623.887797,624.734680,73005.920000
2026-04-13 09:00:00+00:00,624.734680,626.519917,623.673128,625.458365,69083.980000
2026-04-13 10:00:00+00:00,625.458365,626.450160,625.345960,626.337755,66756.230000
2026-04-13 11:00:00+00:00,626.337755,628.354167,626.182013,628.198425,54700.170000
2026-04-13 12:00:00+00:00,628.198425,630.737131,627.506319,630.045025,76946.910000
2026-04-13 13:00:00+00:00,630.045025,630.173652,625.701687,625.830313,65232.710000
2026-04-13 14:00:00+00:00,625.830313,630.855433,625.040236,630.065356,62205.570000
2026-04-13 15:00:00+00:00,630.065356,632.369946,627.195341,629.499931,69755.590000
2026-04-13 16:00:00+00:00,629.499931,636.632338,629.322271,636.454679,50054.950000
2026-04-13 17:00:00+00:00,636.454679,637.632632,635.482081,636.660034,62967.590000
2026-04-13 18:00:00+00:00,636.660034,639.849775,630.578623,633.768364,62951.380000
2026-04-13 19:00:00+00:00,633.768364,636.278134,629.914012,632.423783,76287.850000
2026-04-13 20:00:00+00:00,632.423783,633.882085,631.734971,633.193273,77918.590000
2026-04-13 21:00:00+00:00,633.193273,637.956732,630.699704,635.463162,77567.230000
2026-04-13 22:00:00+00:00,635.463162,637.524931,629.416430,631.478200,55221.730000
2026-04-13 23:00:00+00:00,631.478200,631.837757,631.385226,631.744784,47475.360000
2026-04-14 00:00:00+00:00,631.744784,633.393754,628.667959,630.316929,51688.520000
2026-04-14 01:00:00+00:00,630.316929,633.919587,627.767897,631.370555,66769.110000
2026-04-14 02:00:00+00:00,631.370555,632.982827,628.591276,630.203549,52445.430000
2026-04-14 03:00:00+00:00,630.203549,633.715201,627.357130,630.868782,74800.660000
2026-04-14 04:00:00+00:00,630.868782,633.171618,628.485546,630.788382,53627.870000
2026-04-14 05:00:00+00:00,630.788382,631.226193,628.690659,629.128470,76786.480000
2026-04-14 06:00:00+00:00,629.128470,630.751934,625.347341,626.970805,58507.380000
2026-04-14 07:00:00+00:00,626.970805,629.303250,625.881060,628.213505,46177.310000
2026-04-14 08:00:00+00:00,628.213505,630.507021,627.367851,629.661367,67958.930000
2026-04-14 09:00:00+00:00,629.661367,630.907123,624.017242,625.262997,43886.210000
2026-04-14 10:00:00+00:00,625.262997,625.934735,621.439222,622.110959,69252.630000
2026-04-14 11:00:00+00:00,622.110959,624.365004,618.338583,620.592628,44451.690000
2026-04-14 12:00:00+00:00,620.592628,625.003417,617.683480,622.094269,77933.610000
2026-04-14 13:00:00+00:00,622.094269,622.672676,619.135376,619.713784,62435.840000
2026-04-14 14:00:00+00:00,619.713784,624.655833,618.094391,623.036440,76547.200000
2026-04-14 15:00:00+00:00,623.036440,625.621614,620.772974,623.358148,53846.040000
2026-04-14 16:00:00+00:00,623.358148,623.920869,622.654502,623.217223,69071.030000
2026-04-14 17:00:00+00:00,623.217223,624.437333,621.532496,622.752606,64796.960000
2026-04-14 18:00:00+00:00,622.752606,625.223038,616.406641,618.877073,44015.290000
2026-04-14 19:00:00+00:00,618.877073,619.297296,615.035036,615.455259,56098.830000
2026-04-14 20:00:00+00:00,615.455259,617.118401,611.651555,613.314697,76391.270000
2026-04-14 21:00:00+00:00,613.314697,615.538749,609.762497,611.986550,77960.730000
2026-04-14 22:00:00+00:00,611.986550,618.725310,609.270549,616.009310,53551.960000
2026-04-14 23:00:00+00:00,616.009310,616.215131,613.577779,613.783600,66377.910000
2026-04-15 00:00:00+00:00,613.783600,619.072166,610.822158,616.110723,72213.990000
2026-04-15 01:00:00+00:00,616.110723,623.488000,613.465225,620.842502,60966.400000
2026-04-15 02:00:00+00:00,620.842502,623.568802,619.066206,621.792507,63092.960000
2026-04-15 03:00:00+00:00,621.792507,627.126592,618.964259,624.298344,47346.990000
2026-04-15 04:00:00+00:00,624.298344,626.006521,624.025344,625.733521,68567.370000
2026-04-15 05:00:00+00:00,625.733521,626.328688,625.263195,625.858362,77369.980000
2026-04-15 06:00:00+00:00,625.858362,627.246381,618.450123,619.838143,60271.870000
2026-04-15 07:00:00+00:00,619.838143,625.076525,617.919807,623.158189,67548.070000
2026-04-15 08:00:00+00:00,623.158189,624.835488,619.254816,620.932115,47722.460000
2026-04-15 09:00:00+00:00,620.932115,622.291743,617.643057,619.002684,72264.850000
2026-04-15 10:00:00+00:00,619.002684,623.639561,616.377663,621.014539,45576.710000
2026-04-15 11:00:00+00:00,621.014539,623.960858,616.855397,619.801716,69381.770000
2026-04-15 12:00:00+00:00,619.801716,621.281259,618.065547,619.545090,49165.180000
2026-04-15 13:00:00+00:00,619.545090,624.350408,614.781682,619.587000,72329.660000
2026-04-15 14:00:00+00:00,619.587000,624.334079,619.032169,623.779249,48434.980000
2026-04-15 15:00:00+00:00,623.779249,627.099339,622.606113,625.926203,61306.890000
2026-04-15 16:00:00+00:00,625.926203,628.155276,624.930942,627.160016,48155.010000
2026-04-15 17:00:00+00:00,627.160016,628.086725,626.316396,627.243105,72162.670000
2026-04-15 18:00:00+00:00,627.243105,629.109598,620.594320,622.460813,50720.580000
2026-04-15 19:00:00+00:00,622.460813,623.430837,620.628715,621.598739,57787.430000
2026-04-15 20:00:00+00:00,621.598739,623.553369,620.181593,622.136223,60502.570000
2026-04-15 21:00:00+00:00,622.136223,626.059820,621.226474,625.150071,77025.980000
2026-04-15 22:00:00+00:00,625.150071,625.687121,621.762005,622.299055,59669.990000
2026-04-15 23:00:00+00:00,622.299055,623.578244,619.968100,621.247289,65487.530000
2026-04-16 00:00:00+00:00,621.247289,624.705534,620.178323,623.636568,59025.050000
2026-04-16 01:00:00+00:00,623.636568,627.507137,621.981620,625.852188,46194.240000
2026-04-16 02:00:00+00:00,625.852188,626.714641,619.742401,620.604854,71380.970000
2026-04-16 03:00:00+00:00,620.604854,624.420408,619.777979,623.593533,72767.510000
2026-04-16 04:00:00+00:00,623.593533,624.195263,622.310406,622.912136,52378.690000
2026-04-16 05:00:00+00:00,622.912136,629.582905,621.566920,628.237689,42898.810000
2026-04-16 06:00:00+00:00,628.237689,632.453167,625.181034,629.396511,63446.430000
2026-04-16 07:00:00+00:00,629.396511,631.149291,624.695477,626.448257,75625.570000
2026-04-16 08:00:00+00:00,626.448257,631.362437,623.379224,628.293403,62969.020000
2026-04-16 09:00:00+00:00,628.293403,629.183889,621.377426,622.267912,67526.400000
2026-04-16 10:00:00+00:00,622.267912,623.935602,620.030289,621.697979,48931.580000
2026-04-16 11:00:00+00:00,621.697979,622.280023,620.933759,621.515803,73929.340000
2026-04-16 12:00:00+00:00,621.515803,622.562911,618.806540,619.853648,46824.750000
2026-04-16 13:00:00+00:00,619.853648,621.781028,619.450508,621.377888,44331.050000
2026-04-16 14:00:00+00:00,621.377888,621.727904,619.818391,620.168406,69774.100000
2026-04-16 15:00:00+00:00,620.168406,621.704208,618.462689,619.998491,55945.030000
2026-04-16 16:00:00+00:00,619.998491,622.992910,618.013686,621.008105,50351.800000
2026-04-16 17:00:00+00:00,621.008105,627.322339,618.296491,624.610725,44897.030000
2026-04-16 18:00:00+00:00,624.610725,626.398152,620.841739,622.629166,68352.600000
2026-04-16 19:00:00+00:00,622.629166,628.599508,617.953936,623.924278,54001.320000
2026-04-16 20:00:00+00:00,623.924278,624.546506,623.417867,624.040096,59133.310000
2026-04-16 21:00:00+00:00,624.040096,630.959630,620.232410,627.151944,75941.800000
2026-04-16 22:00:00+00:00,627.151944,631.470586,625.978859,630.297501,50543.790000
2026-04-16 23:00:00+00:00,630.297501,634.582878,627.486799,631.772175,47186.290000
2026-04-17 00:00:00+00:00,631.772175,632.671429,631.351805,632.251059,45197.990000
2026-04-17 01:00:00+00:00,632.251059,638.262953,622.856426,628.868319,70034.460000
2026-04-17 02:00:00+00:00,628.868319,632.027028,624.436987,627.595696,75493.920000
2026-04-17 03:00:00+00:00,627.595696,629.862265,623.998708,626.265277,49373.480000
2026-04-17 04:00:00+00:00,626.265277,628.325059,620.824819,622.884602,43775.860000
2026-04-17 05:00:00+00:00,622.884602,625.076209,622.487876,624.679483,73104.780000
2026-04-17 06:00:00+00:00,624.679483,626.380868,621.485341,623.186726,71731.740000
2026-04-17 07:00:00+00:00,623.186726,627.004045,623.108457,626.925777,75413.600000
2026-04-17 08:00:00+00:00,626.925777,629.422319,623.295730,625.792271,63953.460000
2026-04-17 09:00:00+00:00,625.792271,626.732492,625.156278,626.096499,59841.680000
2026-04-17 10:00:00+00:00,626.096499,629.838370,621.305034,625.046905,55121.270000
2026-04-17 11:00:00+00:00,625.046905,630.003760,624.956359,629.913214,49073.310000
2026-04-17 12:00:00+00:00,629.913214,639.374432,626.250169,635.711386,73320.360000
2026-04-17 13:00:00+00:00,635.711386,644.127763,632.666885,641.083262,75327.380000
2026-04-17 14:00:00+00:00,641.083262,644.734572,639.503963,643.155274,74944.860000
2026-04-17 15:00:00+00:00,643.155274,643.752605,641.587202,642.184534,71677.970000
2026-04-17 16:00:00+00:00,642.184534,642.927511,637.778481,638.521458,54349.770000
2026-04-17 17:00:00+00:00,638.521458,642.791682,636.587492,640.857716,43427.680000
2026-04-17 18:00:00+00:00,640.857716,645.566948,637.347492,642.056724,54868.430000
2026-04-17 19:00:00+00:00,642.056724,642.472327,640.348901,640.764503,55803.310000
2026-04-17 20:00:00+00:00,640.764503,645.295180,639.067283,643.597960,53207.560000
2026-04-17 21:00:00+00:00,643.597960,644.914579,642.942550,644.259169,66381.590000
2026-04-17 22:00:00+00:00,644.259169,647.259667,638.210831,641.211329,73118.890000
2026-04-17 23:00:00+00:00,641.211329,642.412825,638.379482,639.580978,61651.380000
2026-04-18 00:00:00+00:00,639.580978,639.800186,639.363351,639.582559,62983.800000
2026-04-18 01:00:00+00:00,639.582559,641.347698,638.620518,640.385657,50694.450000
2026-04-18 02:00:00+00:00,640.385657,641.278333,639.739467,640.632143,67508.180000
2026-04-18 03:00:00+00:00,640.632143,643.200565,639.822732,642.391154,59567.590000
2026-04-18 04:00:00+00:00,642.391154,644.442703,638.647654,640.699202,52679.540000
2026-04-18 05:00:00+00:00,640.699202,641.108973,636.722999,637.132770,66414.180000
2026-04-18 06:00:00+00:00,637.132770,638.033961,636.434292,637.335483,74793.490000
2026-04-18 07:00:00+00:00,637.335483,637.631922,634.284317,634.580756,76057.370000
2026-04-18 08:00:00+00:00,634.580756,634.644710,631.049470,631.113425,47355.500000
2026-04-18 09:00:00+00:00,631.113425,635.201009,629.536464,633.624049,76684.540000
2026-04-18 10:00:00+00:00,633.624049,634.189954,632.211809,632.777714,60176.340000
2026-04-18 11:00:00+00:00,632.777714,633.389367,627.738541,628.350194,49003.000000
2026-04-18 12:00:00+00:00,628.350194,629.632026,627.574249,628.856080,72577.330000
2026-04-18 13:00:00+00:00,628.856080,628.907619,627.167428,627.218967,48736.940000
2026-04-18 14:00:00+00:00,627.218967,627.544534,626.119963,626.445531,66511.910000
2026-04-18 15:00:00+00:00,626.445531,632.118472,621.211830,626.884772,77653.630000
2026-04-18 16:00:00+00:00,626.884772,628.380676,626.073142,627.569046,69015.660000
2026-04-18 17:00:00+00:00,627.569046,631.053896,626.963029,630.447879,68925.900000
2026-04-18 18:00:00+00:00,630.447879,634.883871,628.223147,632.659139,57998.500000
2026-04-18 19:00:00+00:00,632.659139,637.709352,632.621141,637.671353,76062.210000
2026-04-18 20:00:00+00:00,637.671353,642.785581,632.544488,637.658716,63525.880000
2026-04-18 21:00:00+00:00,637.658716,640.149024,636.640642,639.130950,65733.180000
2026-04-18 22:00:00+00:00,639.130950,639.367714,633.910440,634.147205,62452.700000
2026-04-18 23:00:00+00:00,634.147205,636.018354,629.380626,631.251776,61723.270000
2026-04-19 00:00:00+00:00,631.251776,632.614921,629.224092,630.587237,70640.130000
2026-04-19 01:00:00+00:00,630.587237,636.451896,616.930884,622.795543,51242.290000
2026-04-19 02:00:00+00:00,622.795543,626.246396,620.511774,623.962627,77581.840000
2026-04-19 03:00:00+00:00,623.962627,624.649233,622.995726,623.682333,44330.320000
2026-04-19 04:00:00+00:00,623.682333,623.687568,622.809369,622.814605,65402.360000
2026-04-19 05:00:00+00:00,622.814605,629.511897,619.588281,626.285573,43670.250000
2026-04-19 06:00:00+00:00,626.285573,630.233745,624.870606,628.818778,71199.100000
2026-04-19 07:00:00+00:00,628.818778,634.325342,624.479949,629.986513,42236.230000
2026-04-19 08:00:00+00:00,629.986513,632.623132,624.212163,626.848783,59098.350000
2026-04-19 09:00:00+00:00,626.848783,627.875711,626.485526,627.512455,42989.660000
2026-04-19 10:00:00+00:00,627.512455,627.639202,623.551555,623.678303,77926.660000
2026-04-19 11:00:00+00:00,623.678303,626.478354,623.622086,626.422137,62962.260000
2026-04-19 12:00:00+00:00,626.422137,627.516348,622.988799,624.083010,51738.420000
2026-04-19 13:00:00+00:00,624.083010,626.306455,619.126378,621.349823,62091.760000
2026-04-19 14:00:00+00:00,621.349823,627.892854,617.004084,623.547114,42013.300000
2026-04-19 15:00:00+00:00,623.547114,626.537293,622.458350,625.448529,73292.190000
2026-04-19 16:00:00+00:00,625.448529,631.861487,618.313785,624.726744,52011.650000
2026-04-19 17:00:00+00:00,624.726744,624.919736,620.517125,620.710118,49849.020000
2026-04-19 18:00:00+00:00,620.710118,622.969283,616.697858,618.957023,77980.710000
2026-04-19 19:00:00+00:00,618.957023,621.396185,615.185963,617.625125,74967.160000
2026-04-19 20:00:00+00:00,617.625125,620.187289,615.232686,617.794850,63093.250000
2026-04-19 21:00:00+00:00,617.794850,619.597133,616.239959,618.042242,64057.960000
2026-04-19 22:00:00+00:00,618.042242,618.609816,617.276268,617.843842,77688.430000
2026-04-19 23:00:00+00:00,617.843842,620.766726,616.393523,619.316407,52715.600000
2026-04-20 00:00:00+00:00,619.316407,620.127787,618.204701,619.016081,49306.030000
2026-04-20 01:00:00+00:00,619.016081,623.985403,617.183760,622.153082,49812.660000
2026-04-20 02:00:00+00:00,622.153082,624.144890,618.704399,620.696208,42284.150000
2026-04-20 03:00:00+00:00,620.696208,621.661096,618.015610,618.980498,65108.580000
2026-04-20 04:00:00+00:00,618.980498,621.296779,615.817053,618.133334,58627.340000
2026-04-20 05:00:00+00:00,618.133334,621.044377,616.031191,618.942234,71068.010000
2026-04-20 06:00:00+00:00,618.942234,623.164543,616.318465,620.540774,53171.460000
2026-04-20 07:00:00+00:00,620.540774,622.640690,620.292796,622.392712,42404.220000
2026-04-20 08:00:00+00:00,622.392712,625.620620,620.350982,623.578890,67203.130000
2026-04-20 09:00:00+00:00,623.578890,624.912580,622.980809,624.314499,50456.260000
2026-04-20 10:00:00+00:00,624.314499,626.395140,622.811628,624.892269,48091.480000
2026-04-20 11:00:00+00:00,624.892269,626.242731,623.036012,624.386474,45198.030000
2026-04-20 12:00:00+00:00,624.386474,624.388724,624.271110,624.273359,48127.910000
2026-04-20 13:00:00+00:00,624.273359,628.464923,621.066247,625.257810,59658.770000
2026-04-20 14:00:00+00:00,625.257810,629.315121,622.321350,626.378660,70986.810000
2026-04-20 15:00:00+00:00,626.378660,630.208601,624.500807,628.330748,44146.620000
2026-04-20 16:00:00+00:00,628.330748,633.117420,624.826287,629.612958,72376.680000
2026-04-20 17:00:00+00:00,629.612958,630.889442,628.681739,629.958223,60566.580000
2026-04-20 18:00:00+00:00,629.958223,635.012321,619.908589,624.962686,215480.810000
2026-04-20 19:00:00+00:00,624.962686,627.467084,607.589505,610.093903,157667.680000
2026-04-20 20:00:00+00:00,610.093903,616.668699,589.582837,596.157633,173452.660000
2026-04-20 21:00:00+00:00,596.157633,601.207228,589.120199,594.169795,186558.930000
2026-04-20 22:00:00+00:00,594.169795,601.197726,574.121347,581.149278,219678.720000
2026-04-20 23:00:00+00:00,581.149278,584.896453,557.374708,561.121883,162323.750000
2026-04-21 00:00:00+00:00,561.121883,573.113908,555.160172,567.152197,233582.630000
2026-04-21 01:00:00+00:00,567.152197,575.337778,546.845320,555.030900,172820.490000
2026-04-21 02:00:00+00:00,555.030900,560.093677,552.145173,557.207949,221698.300000
2026-04-21 03:00:00+00:00,557.207949,563.405286,543.775810,549.973147,162235.180000
2026-04-21 04:00:00+00:00,549.973147,558.497684,542.239875,550.764412,179155.770000
2026-04-21 05:00:00+00:00,550.764412,572.000745,539.968347,561.204680,212718.820000
2026-04-21 06:00:00+00:00,561.204680,584.474903,557.137269,580.407491,156243.270000
2026-04-21 07:00:00+00:00,580.407491,618.794585,556.775897,595.162991,203141.240000
2026-04-21 08:00:00+00:00,595.162991,598.670070,578.609722,582.116801,163897.640000
2026-04-21 09:00:00+00:00,582.116801,594.410361,577.824377,590.117937,185293.120000
2026-04-21 10:00:00+00:00,590.117937,615.008785,585.378803,610.269651,191829.380000
2026-04-21 11:00:00+00:00,610.269651,619.448804,587.953656,597.132809,158187.780000
2026-04-21 12:00:00+00:00,597.132809,606.432580,573.184152,582.483924,233399.540000
2026-04-21 13:00:00+00:00,582.483924,602.436571,579.434552,599.387200,225860.410000
2026-04-21 14:00:00+00:00,599.387200,599.609386,587.351671,587.573858,213490.220000
2026-04-21 15:00:00+00:00,587.573858,593.576272,568.388872,574.391287,169120.970000
2026-04-21 16:00:00+00:00,574.391287,602.425898,563.947177,591.981788,205496.690000
2026-04-21 17:00:00+00:00,591.981788,605.699761,586.937989,600.655962,204585.800000
2026-04-21 18:00:00+00:00,600.655962,602.318224,589.695020,591.357282,223347.070000
2026-04-21 19:00:00+00:00,591.357282,601.341088,564.523742,574.507548,212485.780000
2026-04-21 20:00:00+00:00,574.507548,586.595648,566.781658,578.869759,150954.940000
2026-04-21 21:00:00+00:00,578.869759,599.120305,564.703106,584.953653,131239.260000
2026-04-21 22:00:00+00:00,584.953653,592.838080,579.661838,587.546265,181699.450000
2026-04-21 23:00:00+00:00,587.546265,595.119367,576.297619,583.870721,154035.320000
2026-04-22 00:00:00+00:00,583.870721,613.970954,574.420750,604.520983,130409.800000
2026-04-22 01:00:00+00:00,604.520983,623.253064,603.593247,622.325328,176950.430000
2026-04-22 02:00:00+00:00,622.325328,639.070209,609.590058,626.334938,228403.520000
2026-04-22 03:00:00+00:00,626.334938,661.114507,622.810020,657.589589,233322.270000
2026-04-22 04:00:00+00:00,657.589589,690.027493,657.287647,689.725552,148773.250000
2026-04-22 05:00:00+00:00,689.725552,704.400096,669.602790,684.277334,189507.230000
2026-04-22 06:00:00+00:00,684.277334,694.384114,671.943356,682.050135,187725.360000
2026-04-22 07:00:00+00:00,682.050135,693.161888,680.475266,691.587019,203606.620000
2026-04-22 08:00:00+00:00,691.587019,692.724430,687.067876,688.205287,176251.870000
2026-04-22 09:00:00+00:00,688.205287,705.271113,658.639244,675.705070,226446.230000
2026-04-22 10:00:00+00:00,675.705070,688.486406,655.828554,668.609890,153319.360000
2026-04-22 11:00:00+00:00,668.609890,684.430304,667.869623,683.690037,205549.900000
2026-04-22 12:00:00+00:00,683.690037,690.496114,666.662382,673.468459,182659.500000
2026-04-22 13:00:00+00:00,673.468459,681.742625,670.079597,678.353764,135471.060000
2026-04-22 14:00:00+00:00,678.353764,700.547582,670.027389,692.221207,135413.230000
2026-04-22 15:00:00+00:00,692.221207,703.232572,674.088274,685.099639,198958.470000
2026-04-22 16:00:00+00:00,685.099639,706.909447,676.521988,698.331796,221988.850000
2026-04-22 17:00:00+00:00,698.331796,707.259969,696.340427,705.268600,213756.600000
2026-04-22 18:00:00+00:00,705.268600,715.055976,692.717604,702.504980,135191.340000
2026-04-22 19:00:00+00:00,702.504980,717.159236,688.535101,703.189358,130174.230000
2026-04-22 20:00:00+00:00,703.189358,716.336121,699.344951,712.491714,194096.800000
2026-04-22 21:00:00+00:00,712.491714,716.767035,709.516448,713.791769,143519.760000
2026-04-22 22:00:00+00:00,713.791769,716.556808,691.019072,693.784111,216594.990000
2026-04-22 23:00:00+00:00,693.784111,738.955906,666.590273,711.762068,139274.530000
2026-04-23 00:00:00+00:00,711.762068,719.937395,711.091475,719.266802,194392.620000
2026-04-23 01:00:00+00:00,719.266802,724.845674,716.926004,722.504876,191238.290000
2026-04-23 02:00:00+00:00,722.504876,735.687328,711.670303,724.852755,210104.850000
2026-04-23 03:00:00+00:00,724.852755,738.809741,705.072380,719.029366,230592.460000
2026-04-23 04:00:00+00:00,719.029366,728.158208,708.889527,718.018369,163303.610000
2026-04-23 05:00:00+00:00,718.018369,734.736194,711.555984,728.273809,144113.480000
2026-04-23 06:00:00+00:00,728.273809,729.134950,718.922067,719.783209,175477.950000
2026-04-23 07:00:00+00:00,719.783209,724.230051,713.392216,717.839058,174675.680000
2026-04-23 08:00:00+00:00,717.839058,744.204304,697.908149,724.273395,215068.920000
2026-04-23 09:00:00+00:00,724.273395,725.322873,709.324928,710.374406,184669.380000
2026-04-23 10:00:00+00:00,710.374406,743.076775,687.212997,719.915366,213493.160000
2026-04-23 11:00:00+00:00,719.915366,721.012649,717.204784,718.302067,195613.320000
2026-04-23 12:00:00+00:00,718.302067,719.821208,715.681014,717.200156,169083.440000
2026-04-23 13:00:00+00:00,717.200156,737.643752,715.306074,735.749671,168773.300000
2026-04-23 14:00:00+00:00,735.749671,764.636434,724.403070,753.289833,148454.540000
2026-04-23 15:00:00+00:00,753.289833,758.146677,747.499366,752.356210,170705.950000
2026-04-23 16:00:00+00:00,752.356210,756.336193,742.554449,746.534432,134206.130000
2026-04-23 17:00:00+00:00,746.534432,752.072316,733.287671,738.825555,188910.580000
2026-04-23 18:00:00+00:00,738.825555,764.135918,736.594290,761.904653,173155.650000
2026-04-23 19:00:00+00:00,761.904653,762.140477,759.260528,759.496352,191202.730000
2026-04-23 20:00:00+00:00,759.496352,773.979017,752.976796,767.459462,172591.980000
2026-04-23 21:00:00+00:00,767.459462,780.339222,765.508132,778.387893,152054.230000
2026-04-23 22:00:00+00:00,778.387893,801.394153,772.487118,795.493378,172076.310000
2026-04-23 23:00:00+00:00,795.493378,851.762503,761.097920,817.367044,141966.640000
2026-04-24 00:00:00+00:00,817.367044,823.125447,812.805049,818.563453,185580.770000
2026-04-24 01:00:00+00:00,818.563453,871.271646,816.669900,869.378093,207382.540000
2026-04-24 02:00:00+00:00,869.378093,894.764297,849.609025,874.995229,158208.930000
2026-04-24 03:00:00+00:00,874.995229,884.165461,861.737812,870.908044,187595.870000
2026-04-24 04:00:00+00:00,870.908044,887.710682,854.684565,871.487204,189282.380000
2026-04-24 05:00:00+00:00,871.487204,881.058786,870.443757,880.015340,181548.900000
2026-04-24 06:00:00+00:00,880.015340,885.052087,848.447132,853.483879,202957.700000
2026-04-24 07:00:00+00:00,853.483879,871.212864,842.606571,860.335556,209837.570000
2026-04-24 08:00:00+00:00,860.335556,891.815910,853.011417,884.491770,138975.020000
2026-04-24 09:00:00+00:00,884.491770,890.473591,874.763529,880.745350,221756.180000
2026-04-24 10:00:00+00:00,880.745350,914.972170,856.834506,891.061326,133293.320000
2026-04-24 11:00:00+00:00,891.061326,908.776904,886.961820,904.677399,223605.160000
2026-04-24 12:00:00+00:00,904.677399,921.343668,897.716619,914.382889,172235.390000
2026-04-24 13:00:00+00:00,914.382889,952.085350,901.764198,939.466659,182081.240000
2026-04-24 14:00:00+00:00,939.466659,963.307539,898.329350,922.170230,136449.270000
2026-04-24 15:00:00+00:00,922.170230,934.397066,899.436992,911.663829,177195.540000
2026-04-24 16:00:00+00:00,911.663829,932.396821,874.398373,895.131365,137793.910000
2026-04-24 17:00:00+00:00,895.131365,916.359237,868.330036,889.557908,229719.490000
2026-04-24 18:00:00+00:00,889.557908,931.698506,874.731915,916.872512,179790.880000
2026-04-24 19:00:00+00:00,916.872512,921.912659,906.069102,911.109248,187619.090000
2026-04-24 20:00:00+00:00,911.109248,964.601158,881.523701,935.015611,139841.870000
2026-04-24 21:00:00+00:00,935.015611,951.613416,933.684015,950.281819,144639.790000
2026-04-24 22:00:00+00:00,950.281819,973.013501,933.826563,956.558245,205462.370000
2026-04-24 23:00:00+00:00,956.558245,978.895350,905.609006,927.946110,223355.740000
2026-04-25 00:00:00+00:00,927.946110,931.850915,924.515031,928.419836,127612.130000
2026-04-25 01:00:00+00:00,928.419836,961.232200,917.335759,950.148123,153935.940000
2026-04-25 02:00:00+00:00,950.148123,951.424392,940.029477,941.305747,216337.500000
2026-04-25 03:00:00+00:00,941.305747,959.347295,905.097268,923.138817,126714.710000
2026-04-25 04:00:00+00:00,923.138817,934.016986,907.653157,918.531326,148974.540000
2026-04-25 05:00:00+00:00,918.531326,924.047126,899.852586,905.368386,137724.850000
2026-04-25 06:00:00+00:00,905.368386,920.743617,879.900519,895.275750,176724.940000
2026-04-25 07:00:00+00:00,895.275750,915.245465,870.160534,890.130249,201249.440000
2026-04-25 08:00:00+00:00,890.130249,902.658380,878.748100,891.276230,196211.300000
2026-04-25 09:00:00+00:00,891.276230,894.956836,858.829796,862.510402,167755.690000
2026-04-25 10:00:00+00:00,862.510402,891.370804,837.603534,866.463936,203410.500000
2026-04-25 11:00:00+00:00,866.463936,867.965545,857.654047,859.155656,213407.870000
2026-04-25 12:00:00+00:00,859.155656,876.342389,850.884398,868.071132,152297.090000
2026-04-25 13:00:00+00:00,868.071132,882.484108,829.102178,843.515154,142478.330000
2026-04-25 14:00:00+00:00,843.515154,844.291173,837.824774,838.600793,199230.630000
2026-04-25 15:00:00+00:00,838.600793,842.105851,823.369105,826.874164,182043.460000
2026-04-25 16:00:00+00:00,826.874164,843.354969,812.340513,828.821318,215505.260000
2026-04-25 17:00:00+00:00,828.821318,845.497836,811.089916,827.766434,189410.800000
2026-04-25 18:00:00+00:00,827.766434,845.338922,816.730834,834.303322,226698.280000
2026-04-25 19:00:00+00:00,834.303322,838.374982,825.348613,829.420273,218342.640000
2026-04-25 20:00:00+00:00,829.420273,832.586350,824.310047,827.476124,169856.260000
2026-04-25 21:00:00+00:00,827.476124,835.193977,825.943663,833.661516,200034.570000
2026-04-25 22:00:00+00:00,833.661516,911.526965,801.756066,879.621515,218521.650000
2026-04-25 23:00:00+00:00,879.621515,905.284199,859.314391,884.977075,177636.660000
2026-04-26 00:00:00+00:00,884.977075,923.232312,872.678337,910.933573,193930.240000
2026-04-26 01:00:00+00:00,910.933573,930.619297,899.489164,919.174888,170047.530000
2026-04-26 02:00:00+00:00,919.174888,944.328449,873.257335,898.410895,147921.400000
2026-04-26 03:00:00+00:00,898.410895,920.303654,882.889760,904.782518,192008.810000
2026-04-26 04:00:00+00:00,904.782518,950.585781,884.670439,930.473702,169875.860000
2026-04-26 05:00:00+00:00,930.473702,945.999691,925.074413,940.600402,148427.110000
2026-04-26 06:00:00+00:00,940.600402,967.841960,934.565876,961.807433,219579.910000
2026-04-26 07:00:00+00:00,961.807433,967.114614,927.156412,932.463592,218041.070000
2026-04-26 08:00:00+00:00,932.463592,934.403280,917.403970,919.343658,230958.210000
2026-04-26 09:00:00+00:00,919.343658,940.923652,899.706683,921.286677,184557.240000
2026-04-26 10:00:00+00:00,921.286677,942.874184,904.860856,926.448363,185738.260000
2026-04-26 11:00:00+00:00,926.448363,956.584508,882.425930,912.562075,135050.910000
2026-04-26 12:00:00+00:00,912.562075,916.201436,908.190778,911.830138,227137.670000
2026-04-26 13:00:00+00:00,911.830138,927.451723,899.679542,915.301127,206475.160000
2026-04-26 14:00:00+00:00,915.301127,928.520463,889.967636,903.186972,230694.240000
2026-04-26 15:00:00+00:00,903.186972,934.304620,901.598118,932.715766,204208.100000
2026-04-26 16:00:00+00:00,932.715766,956.985433,929.699114,953.968780,213056.940000
2026-04-26 17:00:00+00:00,953.968780,969.084849,937.574907,952.690975,186328.130000
2026-04-26 18:00:00+00:00,952.690975,977.121730,947.407584,971.838339,161875.180000
2026-04-26 19:00:00+00:00,971.838339,982.032833,964.722221,974.916714,72259.190000
2026-04-26 20:00:00+00:00,974.916714,976.583166,963.707358,965.373810,91001.250000
2026-04-26 21:00:00+00:00,965.373810,980.406791,956.312506,971.345486,111255.080000
2026-04-26 22:00:00+00:00,971.345486,987.529927,945.716331,961.900771,71551.420000
2026-04-26 23:00:00+00:00,961.900771,966.564991,950.944777,955.608997,117244.190000
2026-04-27 00:00:00+00:00,955.608997,969.467263,943.001464,956.859730,82560.490000
2026-04-27 01:00:00+00:00,956.859730,960.076790,951.463586,954.680647,99326.610000
2026-04-27 02:00:00+00:00,954.680647,973.476120,952.380587,971.176060,102184.390000
2026-04-27 03:00:00+00:00,971.176060,993.797180,965.274382,987.895503,109794.640000
2026-04-27 04:00:00+00:00,987.895503,992.701513,987.000222,991.806232,120588.800000
2026-04-27 05:00:00+00:00,991.806232,995.450280,973.334659,976.978707,99767.710000
2026-04-27 06:00:00+00:00,976.978707,980.284448,971.621779,974.927520,123550.650000
2026-04-27 07:00:00+00:00,974.927520,979.530673,966.714158,971.317311,107873.690000
2026-04-27 08:00:00+00:00,971.317311,981.589024,969.330663,979.602376,93979.400000
2026-04-27 09:00:00+00:00,979.602376,989.484705,979.077682,988.960012,102476.250000
2026-04-27 10:00:00+00:00,988.960012,998.665420,967.342550,977.047958,120511.970000
2026-04-27 11:00:00+00:00,977.047958,985.574211,968.672900,977.199153,118015.270000
2026-04-27 12:00:00+00:00,977.199153,982.236881,975.287367,980.325096,120173.610000
2026-04-27 13:00:00+00:00,980.325096,988.889230,976.958847,985.522981,116678.830000
2026-04-27 14:00:00+00:00,985.522981,986.479396,983.976110,984.932525,101320.510000
2026-04-27 15:00:00+00:00,984.932525,1012.863125,967.649547,995.580147,106601.060000
2026-04-27 16:00:00+00:00,995.580147,997.932687,991.799446,994.151986,103851.980000
2026-04-27 17:00:00+00:00,994.151986,1010.708722,984.743234,1001.299970,104562.820000
2026-04-27 18:00:00+00:00,1001.299970,1015.657611,997.291186,1011.648826,113082.800000
2026-04-27 19:00:00+00:00,1011.648826,1020.870443,1002.315699,1011.537316,100619.670000
2026-04-27 20:00:00+00:00,1011.537316,1016.585887,990.202012,995.250584,94235.270000
2026-04-27 21:00:00+00:00,995.250584,995.705458,991.304528,991.759402,96755.090000
2026-04-27 22:00:00+00:00,991.759402,1006.661875,965.675970,980.578443,123911.190000
2026-04-27 23:00:00+00:00,980.578443,997.504836,974.251396,991.177789,92212.060000
2026-04-28 00:00:00+00:00,991.177789,1004.217654,970.774608,983.814473,103689.920000
2026-04-28 01:00:00+00:00,983.814473,985.677157,980.613764,982.476447,91699.580000
2026-04-28 02:00:00+00:00,982.476447,986.903386,979.049520,983.476459,120939.440000
2026-04-28 03:00:00+00:00,983.476459,985.086524,976.774781,978.384845,97660.000000
2026-04-28 04:00:00+00:00,978.384845,989.375888,976.807837,987.798879,110131.710000
2026-04-28 05:00:00+00:00,987.798879,1002.888990,948.196182,963.286293,111727.860000
2026-04-28 06:00:00+00:00,963.286293,984.834988,951.914931,973.463626,114143.070000
2026-04-28 07:00:00+00:00,973.463626,973.649924,971.191652,971.377949,83539.700000
2026-04-28 08:00:00+00:00,971.377949,973.740048,965.979491,968.341590,70129.810000
2026-04-28 09:00:00+00:00,968.341590,978.024929,956.278088,965.961427,101170.800000
2026-04-28 10:00:00+00:00,965.961427,967.066036,960.917952,962.022561,74026.950000
2026-04-28 11:00:00+00:00,962.022561,975.699225,953.647053,967.323718,105236.350000
2026-04-28 12:00:00+00:00,967.323718,970.597398,964.481862,967.755543,68517.920000
2026-04-28 13:00:00+00:00,967.755543,973.951787,959.167472,965.363716,73005.410000
2026-04-28 14:00:00+00:00,965.363716,968.602428,958.875072,962.113784,83267.810000
2026-04-28 15:00:00+00:00,962.113784,973.060609,957.926339,968.873164,121932.480000
2026-04-28 16:00:00+00:00,968.873164,973.209995,951.085512,955.422344,116417.460000
2026-04-28 17:00:00+00:00,955.422344,961.147237,952.068927,957.793820,73922.440000
2026-04-28 18:00:00+00:00,957.793820,958.109601,951.383501,951.699282,100151.400000
2026-04-28 19:00:00+00:00,951.699282,955.542730,937.301070,941.144519,79884.340000
2026-04-28 20:00:00+00:00,941.144519,946.811760,926.758502,932.425743,110905.840000
2026-04-28 21:00:00+00:00,932.425743,956.259566,928.487899,952.321722,109931.690000
2026-04-28 22:00:00+00:00,952.321722,964.653789,933.566314,945.898381,109837.200000
2026-04-28 23:00:00+00:00,945.898381,950.786799,941.878326,946.766744,68346.670000
2026-04-29 00:00:00+00:00,946.766744,948.409117,946.705032,948.347405,112748.750000
2026-04-29 01:00:00+00:00,948.347405,964.449932,940.488030,956.590558,86552.860000
2026-04-29 02:00:00+00:00,956.590558,970.148826,945.731238,959.289506,94595.920000
2026-04-29 03:00:00+00:00,959.289506,960.202790,953.047200,953.960484,123320.010000
2026-04-29 04:00:00+00:00,953.960484,954.818296,945.089670,945.947482,96581.910000
2026-04-29 05:00:00+00:00,945.947482,946.286299,942.748701,943.087518,109455.280000
2026-04-29 06:00:00+00:00,943.087518,952.135451,930.892951,939.940885,116875.390000
2026-04-29 07:00:00+00:00,939.940885,941.821688,938.235628,940.116432,99692.830000
2026-04-29 08:00:00+00:00,940.116432,944.356305,923.791516,928.031390,124791.590000
2026-04-29 09:00:00+00:00,928.031390,937.518335,927.693008,937.179954,92525.830000
2026-04-29 10:00:00+00:00,937.179954,942.769421,929.971422,935.560889,113902.410000
2026-04-29 11:00:00+00:00,935.560889,949.736036,929.363589,943.538736,104677.240000
2026-04-29 12:00:00+00:00,943.538736,953.492434,925.049389,935.003087,126339.320000
2026-04-29 13:00:00+00:00,935.003087,935.668698,931.483673,932.149284,76592.860000
2026-04-29 14:00:00+00:00,932.149284,933.335621,926.228441,927.414778,92632.810000
2026-04-29 15:00:00+00:00,927.414778,931.632355,920.337799,924.555375,73239.070000
2026-04-29 16:00:00+00:00,924.555375,932.257967,915.343289,923.045880,89667.840000
2026-04-29 17:00:00+00:00,923.045880,927.614038,910.207658,914.775816,82137.200000
2026-04-29 18:00:00+00:00,914.775816,927.587156,911.272555,924.083895,119856.160000
2026-04-29 19:00:00+00:00,924.083895,932.350369,905.420370,913.686844,102368.260000
2026-04-29 20:00:00+00:00,913.686844,915.333630,912.578321,914.225107,70408.070000
2026-04-29 21:00:00+00:00,914.225107,931.995589,910.669959,928.440442,72166.800000
2026-04-29 22:00:00+00:00,928.440442,943.423246,920.106096,935.088900,107176.140000
2026-04-29 23:00:00+00:00,935.088900,940.278311,928.140618,933.330028,109021.580000
2026-04-30 00:00:00+00:00,933.330028,933.814742,930.838212,931.322925,90751.020000
2026-04-30 01:00:00+00:00,931.322925,949.250704,907.676631,925.604409,76941.210000
2026-04-30 02:00:00+00:00,925.604409,928.083859,921.799662,924.279112,111348.870000
2026-04-30 03:00:00+00:00,924.279112,937.685069,914.914444,928.320401,83159.950000
2026-04-30 04:00:00+00:00,928.320401,937.219852,913.299888,922.199340,86270.310000
2026-04-30 05:00:00+00:00,922.199340,925.320778,922.115891,925.237329,111886.540000
2026-04-30 06:00:00+00:00,925.237329,934.590007,924.819788,934.172466,101520.710000
2026-04-30 07:00:00+00:00,934.172466,973.512865,917.562796,956.903194,101933.620000
2026-04-30 08:00:00+00:00,956.903194,975.217478,944.314387,962.628672,121439.900000
2026-04-30 09:00:00+00:00,962.628672,969.454279,959.857342,966.682950,121378.450000
2026-04-30 10:00:00+00:00,966.682950,988.651631,959.435028,981.403709,122271.220000
2026-04-30 11:00:00+00:00,981.403709,990.036985,974.665113,983.298389,69883.260000
2026-04-30 12:00:00+00:00,983.298389,986.929578,979.801773,983.432961,88723.680000
2026-04-30 13:00:00+00:00,983.432961,996.938304,976.847941,990.353283,71960.830000
2026-04-30 14:00:00+00:00,990.353283,990.413470,984.550821,984.611007,117328.280000
2026-04-30 15:00:00+00:00,984.611007,990.577123,983.710962,989.677078,113659.420000
2026-04-30 16:00:00+00:00,989.677078,1002.946301,980.022863,993.292087,123650.860000
2026-04-30 17:00:00+00:00,993.292087,993.671949,979.810051,980.189913,78979.760000
2026-04-30 18:00:00+00:00,980.189913,987.567705,979.586932,986.964724,80302.430000
2026-04-30 19:00:00+00:00,986.964724,987.122988,981.642122,981.800386,113671.720000
2026-04-30 20:00:00+00:00,981.800386,990.882192,981.393471,990.475278,120961.390000
2026-04-30 21:00:00+00:00,990.475278,998.943888,975.046697,983.515307,104192.050000
2026-04-30 22:00:00+00:00,983.515307,994.212913,981.905237,992.602843,71104.570000
2026-04-30 23:00:00+00:00,992.602843,998.013106,991.102407,996.512670,123234.020000
2026-05-01 00:00:00+00:00,996.512670,1002.977643,970.962177,977.427149,95563.300000
2026-05-01 01:00:00+00:00,977.427149,978.770077,974.259843,975.602770,85189.650000
2026-05-01 02:00:00+00:00,975.602770,982.228253,960.117532,966.743015,120625.550000
2026-05-01 03:00:00+00:00,966.743015,973.668951,946.073805,952.999741,106543.040000
2026-05-01 04:00:00+00:00,952.999741,967.657456,935.439023,950.096738,69607.720000
2026-05-01 05:00:00+00:00,950.096738,968.289864,939.184197,957.377324,117552.250000
2026-05-01 06:00:00+00:00,957.377324,970.765769,951.397526,964.785971,116031.750000
2026-05-01 07:00:00+00:00,964.785971,974.959674,954.048552,964.222254,70961.420000
2026-05-01 08:00:00+00:00,964.222254,972.086653,959.765746,967.630145,105110.920000
2026-05-01 09:00:00+00:00,967.630145,967.797236,956.922681,957.089772,82015.200000
2026-05-01 10:00:00+00:00,957.089772,978.695640,952.440974,974.046843,120111.230000
2026-05-01 11:00:00+00:00,974.046843,979.089561,954.914405,959.957122,102877.800000
2026-05-01 12:00:00+00:00,959.957122,973.495218,947.826259,961.364355,99383.720000
2026-05-01 13:00:00+00:00,961.364355,966.729758,955.135004,960.500407,94507.310000
2026-05-01 14:00:00+00:00,960.500407,963.348089,959.176568,962.024250,83240.870000
2026-05-01 15:00:00+00:00,962.024250,974.866854,938.343380,951.185983,79501.080000
2026-05-01 16:00:00+00:00,951.185983,963.815524,925.659034,938.288574,96393.330000
2026-05-01 17:00:00+00:00,938.288574,945.891250,914.527679,922.130355,120113.200000
2026-05-01 18:00:00+00:00,922.130355,923.574538,908.543093,909.987276,107963.770000
2026-05-01 19:00:00+00:00,909.987276,921.867450,894.594107,906.474281,101284.470000
2026-05-01 20:00:00+00:00,906.474281,913.110940,889.179233,895.815893,122253.990000
2026-05-01 21:00:00+00:00,895.815893,903.591617,888.325384,896.101109,90255.320000
2026-05-01 22:00:00+00:00,896.101109,899.610030,884.502116,888.011037,84700.540000
2026-05-01 23:00:00+00:00,888.011037,892.111540,875.664440,879.764943,108834.490000
2026-05-02 00:00:00+00:00,879.764943,910.205438,875.674361,906.114857,121480.280000
2026-05-02 01:00:00+00:00,906.114857,926.891870,897.874014,918.651027,80690.200000
2026-05-02 02:00:00+00:00,918.651027,923.283768,904.131215,908.763956,78615.690000
2026-05-02 03:00:00+00:00,908.763956,911.635808,889.003242,891.875093,108083.730000
2026-05-02 04:00:00+00:00,891.875093,906.284379,890.574609,904.983895,125548.780000
2026-05-02 05:00:00+00:00,904.983895,912.159380,903.860880,911.036366,70158.820000
2026-05-02 06:00:00+00:00,911.036366,918.369157,897.821818,905.154610,73293.040000
2026-05-02 07:00:00+00:00,905.154610,909.239317,890.370059,894.454766,108231.780000
2026-05-02 08:00:00+00:00,894.454766,910.362857,891.993069,907.901159,86690.760000
2026-05-02 09:00:00+00:00,907.901159,917.629877,894.156815,903.885532,73279.390000
2026-05-02 10:00:00+00:00,903.885532,911.040646,898.912575,906.067689,94913.600000
2026-05-02 11:00:00+00:00,906.067689,910.787624,894.984530,899.704465,102118.370000
2026-05-02 12:00:00+00:00,899.704465,900.580633,890.136742,891.012910,122526.570000
2026-05-02 13:00:00+00:00,891.012910,912.091805,888.260900,909.339796,97591.390000
2026-05-02 14:00:00+00:00,909.339796,913.669719,908.896706,913.226630,126255.950000
2026-05-02 15:00:00+00:00,913.226630,923.879270,912.772683,923.425323,119239.230000
2026-05-02 16:00:00+00:00,923.425323,938.239923,911.142847,925.957447,92326.310000
2026-05-02 17:00:00+00:00,925.957447,931.191892,905.449001,910.683446,85643.070000
2026-05-02 18:00:00+00:00,910.683446,911.247514,897.312039,897.876107,101864.410000
2026-05-02 19:00:00+00:00,897.876107,901.604025,886.567422,890.295340,75438.080000
2026-05-02 20:00:00+00:00,890.295340,904.696057,884.805832,899.206549,94217.320000
2026-05-02 21:00:00+00:00,899.206549,903.514778,890.763262,895.071491,121981.170000
2026-05-02 22:00:00+00:00,895.071491,905.145020,883.414450,893.487979,68978.430000
2026-05-02 23:00:00+00:00,893.487979,896.416209,880.179174,883.107404,84638.070000
2026-05-03 00:00:00+00:00,883.107404,889.337526,866.918962,873.149085,86453.710000
2026-05-03 01:00:00+00:00,873.149085,882.353493,861.286363,870.490771,87330.620000
2026-05-03 02:00:00+00:00,870.490771,884.528978,854.544111,868.582318,76449.340000
2026-05-03 03:00:00+00:00,868.582318,888.692286,860.050571,880.160539,69643.190000
2026-05-03 04:00:00+00:00,880.160539,880.750169,875.040439,875.630069,85859.320000
2026-05-03 05:00:00+00:00,875.630069,881.198669,873.533426,879.102026,121153.220000
2026-05-03 06:00:00+00:00,879.102026,885.043558,864.674360,870.615892,90522.350000
2026-05-03 07:00:00+00:00,870.615892,883.503019,848.406598,861.293725,81420.230000
2026-05-03 08:00:00+00:00,861.293725,875.309718,854.950638,868.966631,124390.590000
2026-05-03 09:00:00+00:00,868.966631,886.345737,863.404513,880.783619,90781.210000
2026-05-03 10:00:00+00:00,880.783619,886.369898,877.531119,883.117398,107847.100000
2026-05-03 11:00:00+00:00,883.117398,883.333944,877.164181,877.380727,95861.210000
2026-05-03 12:00:00+00:00,877.380727,887.602153,851.127652,861.349079,92395.150000
2026-05-03 13:00:00+00:00,861.349079,865.937668,851.578971,856.167560,110435.300000
2026-05-03 14:00:00+00:00,856.167560,860.554237,848.813680,853.200357,80405.530000
2026-05-03 15:00:00+00:00,853.200357,860.846114,839.074869,846.720627,74917.550000
2026-05-03 16:00:00+00:00,846.720627,851.080271,832.361269,836.720914,75519.650000
2026-05-03 17:00:00+00:00,836.720914,844.415632,829.610255,837.304973,100846.290000
2026-05-03 18:00:00+00:00,837.304973,838.959438,834.349728,836.004192,118381.540000
2026-05-03 19:00:00+00:00,836.004192,843.025730,818.314540,825.336077,123519.420000
2026-05-03 20:00:00+00:00,825.336077,825.882978,817.103783,817.650684,123577.810000
2026-05-03 21:00:00+00:00,817.650684,826.925949,817.469143,826.744408,126255.980000
2026-05-03 22:00:00+00:00,826.744408,831.664985,805.965741,810.886318,71084.770000
2026-05-03 23:00:00+00:00,810.886318,813.937934,806.184449,809.236065,75061.270000
2026-05-04 00:00:00+00:00,809.236065,821.293319,800.329007,812.386261,75289.040000
2026-05-04 01:00:00+00:00,812.386261,818.459957,801.114129,807.187826,92804.330000
2026-05-04 02:00:00+00:00,807.187826,814.734957,802.587242,810.134373,99521.900000
2026-05-04 03:00:00+00:00,810.134373,813.796711,795.693020,799.355358,82969.340000
2026-05-04 04:00:00+00:00,799.355358,801.528765,790.429039,792.602446,82459.560000
2026-05-04 05:00:00+00:00,792.602446,810.714729,791.372969,809.485252,107774.390000
2026-05-04 06:00:00+00:00,809.485252,813.959605,809.402188,813.876542,122905.250000
2026-05-04 07:00:00+00:00,813.876542,819.650049,806.885868,812.659375,98968.500000
2026-05-04 08:00:00+00:00,812.659375,815.290753,789.832486,792.463864,133433.110000
2026-05-04 09:00:00+00:00,792.463864,796.645963,766.693282,770.875380,132226.240000
2026-05-04 10:00:00+00:00,770.875380,775.083400,740.987457,745.195477,224106.610000
2026-05-04 11:00:00+00:00,745.195477,771.411784,734.160823,760.377129,185415.000000
2026-05-04 12:00:00+00:00,760.377129,800.500880,730.438907,770.562658,173002.150000
2026-05-04 13:00:00+00:00,770.562658,829.187895,750.301995,808.927232,145366.470000
2026-05-04 14:00:00+00:00,808.927232,840.358068,786.021089,817.451925,195327.640000
2026-05-04 15:00:00+00:00,817.451925,818.988605,814.145642,815.682322,145292.990000
2026-05-04 16:00:00+00:00,815.682322,827.376975,800.636786,812.331439,232229.240000
2026-05-04 17:00:00+00:00,812.331439,839.464686,782.116725,809.249973,186188.880000
2026-05-04 18:00:00+00:00,809.249973,844.612638,790.484857,825.847522,193432.690000
2026-05-04 19:00:00+00:00,825.847522,839.047691,805.857065,819.057234,197016.620000
2026-05-04 20:00:00+00:00,819.057234,860.396187,803.978180,845.317132,203036.270000
2026-05-04 21:00:00+00:00,845.317132,850.945485,842.352413,847.980765,221973.550000
2026-05-04 22:00:00+00:00,847.980765,848.400595,841.722053,842.141884,170070.130000
2026-05-04 23:00:00+00:00,842.141884,866.894140,819.907633,844.659889,166521.220000
2026-05-05 00:00:00+00:00,844.659889,851.545031,812.305217,819.190360,134402.660000
2026-05-05 01:00:00+00:00,819.190360,830.389582,784.194205,795.393428,198453.650000
2026-05-05 02:00:00+00:00,795.393428,811.628506,765.099803,781.334881,213918.850000
2026-05-05 03:00:00+00:00,781.334881,803.080076,765.976200,787.721396,141400.410000
2026-05-05 04:00:00+00:00,787.721396,808.432103,775.322850,796.033558,170103.650000
2026-05-05 05:00:00+00:00,796.033558,815.269919,779.749991,798.986353,165911.540000
2026-05-05 06:00:00+00:00,798.986353,829.659536,781.383245,812.056429,200027.690000
2026-05-05 07:00:00+00:00,812.056429,833.804174,805.383119,827.130864,204354.350000
2026-05-05 08:00:00+00:00,827.130864,831.810259,801.139359,805.818753,214621.200000
2026-05-05 09:00:00+00:00,805.818753,818.909732,780.361135,793.452113,198293.790000
2026-05-05 10:00:00+00:00,793.452113,795.580991,787.128252,789.257130,141732.940000
2026-05-05 11:00:00+00:00,789.257130,805.178586,772.129339,788.050796,163679.810000
2026-05-05 12:00:00+00:00,788.050796,788.678702,764.113403,764.741309,128937.190000
2026-05-05 13:00:00+00:00,764.741309,769.743193,749.822137,754.824021,130219.220000
2026-05-05 14:00:00+00:00,754.824021,781.369155,750.603064,777.148198,207502.970000
2026-05-05 15:00:00+00:00,777.148198,787.468871,757.739305,768.059978,148669.180000
2026-05-05 16:00:00+00:00,768.059978,777.812816,755.486172,765.239010,150377.770000
2026-05-05 17:00:00+00:00,765.239010,771.170370,743.635521,749.566880,222845.620000
2026-05-05 18:00:00+00:00,749.566880,758.441555,715.641052,724.515727,165011.200000
2026-05-05 19:00:00+00:00,724.515727,735.913820,703.959846,715.357940,204643.390000
2026-05-05 20:00:00+00:00,715.357940,719.948740,712.830815,717.421616,188865.470000
2026-05-05 21:00:00+00:00,717.421616,721.832610,702.339360,706.750355,195115.740000
2026-05-05 22:00:00+00:00,706.750355,738.259299,703.571450,735.080394,188627.380000
2026-05-05 23:00:00+00:00,735.080394,737.871467,729.969196,732.760269,150706.420000
2026-05-06 00:00:00+00:00,732.760269,751.027192,696.828551,715.095474,225162.700000
2026-05-06 01:00:00+00:00,715.095474,719.228935,710.309602,714.443062,176724.580000
2026-05-06 02:00:00+00:00,714.443062,733.343101,702.224872,721.124911,178399.120000
2026-05-06 03:00:00+00:00,721.124911,730.046400,721.011639,729.933128,149240.380000
2026-05-06 04:00:00+00:00,729.933128,753.227719,706.627499,729.922090,193280.980000
2026-05-06 05:00:00+00:00,729.922090,744.324825,728.643134,743.045869,205756.490000
2026-05-06 06:00:00+00:00,743.045869,747.793132,722.890667,727.637930,187023.510000
2026-05-06 07:00:00+00:00,727.637930,750.794559,709.699137,732.855765,230405.490000
2026-05-06 08:00:00+00:00,732.855765,751.170880,731.654232,749.969347,206404.140000
2026-05-06 09:00:00+00:00,749.969347,763.489185,716.131613,729.651451,214797.240000
2026-05-06 10:00:00+00:00,729.651451,736.022321,727.897732,734.268602,141101.100000
2026-05-06 11:00:00+00:00,734.268602,737.813109,725.735928,729.280434,126560.520000
2026-05-06 12:00:00+00:00,729.280434,729.398839,727.776436,727.894841,210523.500000
2026-05-06 13:00:00+00:00,727.894841,744.098114,705.199709,721.402982,198716.130000
2026-05-06 14:00:00+00:00,721.402982,742.773104,695.505839,716.875961,206291.510000
2026-05-06 15:00:00+00:00,716.875961,722.115564,711.044014,716.283616,201762.430000
2026-05-06 16:00:00+00:00,716.283616,748.085672,715.345506,747.147561,225725.690000
2026-05-06 17:00:00+00:00,747.147561,760.796914,730.762579,744.411932,213935.100000
2026-05-06 18:00:00+00:00,744.411932,758.858957,722.695608,737.142634,210363.760000
2026-05-06 19:00:00+00:00,737.142634,749.054890,718.245795,730.158051,185156.770000
2026-05-06 20:00:00+00:00,730.158051,730.351110,725.988758,726.181817,108196.050000
2026-05-06 21:00:00+00:00,726.181817,730.185866,720.466292,724.470341,124609.490000
2026-05-06 22:00:00+00:00,724.470341,724.484887,708.288909,708.303455,85245.340000
2026-05-06 23:00:00+00:00,708.303455,720.612264,703.990301,716.299110,102248.690000
2026-05-07 00:00:00+00:00,716.299110,717.655349,714.971427,716.327665,102129.850000
2026-05-07 01:00:00+00:00,716.327665,731.378349,712.479119,727.529803,100526.050000
2026-05-07 02:00:00+00:00,727.529803,740.932132,721.592337,734.994667,79473.690000
2026-05-07 03:00:00+00:00,734.994667,742.460043,720.400950,727.866326,79900.880000
2026-05-07 04:00:00+00:00,727.866326,730.836375,707.482765,710.452813,98805.590000
2026-05-07 05:00:00+00:00,710.452813,715.378102,690.041730,694.967018,97259.900000
2026-05-07 06:00:00+00:00,694.967018,699.518178,692.304308,696.855468,93335.460000
2026-05-07 07:00:00+00:00,696.855468,716.280851,692.597955,712.023337,94209.990000
2026-05-07 08:00:00+00:00,712.023337,715.351930,707.801700,711.130293,101244.240000
2026-05-07 09:00:00+00:00,711.130293,729.325675,706.588565,724.783947,119189.810000
2026-05-07 10:00:00+00:00,724.783947,735.654632,716.794285,727.664969,72399.850000
2026-05-07 11:00:00+00:00,727.664969,735.429223,719.721369,727.485623,109646.380000
2026-05-07 12:00:00+00:00,727.485623,734.586457,723.080035,730.180869,93823.160000
2026-05-07 13:00:00+00:00,730.180869,736.336091,715.717203,721.872425,71459.820000
2026-05-07 14:00:00+00:00,721.872425,728.782554,717.660385,724.570514,75721.060000
2026-05-07 15:00:00+00:00,724.570514,728.894024,713.862435,718.185945,103570.750000
2026-05-07 16:00:00+00:00,718.185945,727.635806,716.142146,725.592007,99828.550000
2026-05-07 17:00:00+00:00,725.592007,733.687332,714.017189,722.112513,121915.110000
2026-05-07 18:00:00+00:00,722.112513,726.739771,717.641189,722.268446,71110.150000
2026-05-07 19:00:00+00:00,722.268446,728.834490,721.595247,728.161291,89534.840000
2026-05-07 20:00:00+00:00,728.161291,735.209925,715.115442,722.164076,92104.810000
2026-05-07 21:00:00+00:00,722.164076,725.676556,721.167955,724.680435,109680.390000
2026-05-07 22:00:00+00:00,724.680435,726.566523,710.905150,712.791238,90504.370000
2026-05-07 23:00:00+00:00,712.791238,718.836643,707.950369,713.995774,109425.200000
2026-05-08 00:00:00+00:00,713.995774,719.263998,713.242563,718.510787,111643.410000
2026-05-08 01:00:00+00:00,718.510787,726.183269,706.229616,713.902099,76130.580000
2026-05-08 02:00:00+00:00,713.902099,713.938412,705.742824,705.779137,105977.130000
2026-05-08 03:00:00+00:00,705.779137,706.806140,702.990087,704.017089,73711.790000
2026-05-08 04:00:00+00:00,704.017089,704.857705,700.957231,701.797846,126225.410000
2026-05-08 05:00:00+00:00,701.797846,711.709319,694.876628,704.788101,110209.910000
2026-05-08 06:00:00+00:00,704.788101,721.419854,696.913917,713.545670,79748.940000
2026-05-08 07:00:00+00:00,713.545670,715.014654,696.483897,697.952881,83753.520000
2026-05-08 08:00:00+00:00,697.952881,707.772277,689.736937,699.556333,95323.450000
2026-05-08 09:00:00+00:00,699.556333,703.427712,697.950716,701.822095,114547.730000
2026-05-08 10:00:00+00:00,701.822095,706.807067,693.950423,698.935396,105435.130000
2026-05-08 11:00:00+00:00,698.935396,701.413905,685.228924,687.707433,89898.610000
2026-05-08 12:00:00+00:00,687.707433,690.506359,681.641195,684.440121,87729.240000
2026-05-08 13:00:00+00:00,684.440121,689.295972,682.312207,687.168057,92667.900000
2026-05-08 14:00:00+00:00,687.168057,689.793604,682.669690,685.295236,110562.510000
2026-05-08 15:00:00+00:00,685.295236,690.134876,682.682208,687.521848,82137.800000
2026-05-08 16:00:00+00:00,687.521848,707.167358,678.972158,698.617668,108698.230000
2026-05-08 17:00:00+00:00,698.617668,699.952927,688.683317,690.018576,111892.650000
2026-05-08 18:00:00+00:00,690.018576,690.156562,683.380971,683.518958,100047.920000
2026-05-08 19:00:00+00:00,683.518958,684.863984,670.498186,671.843212,93868.600000
2026-05-08 20:00:00+00:00,671.843212,673.324155,670.055427,671.536370,81957.490000
2026-05-08 21:00:00+00:00,671.536370,672.152981,668.449829,669.066440,71182.020000
2026-05-08 22:00:00+00:00,669.066440,669.561322,667.690060,668.184943,126154.840000
2026-05-08 23:00:00+00:00,668.184943,669.577544,664.926603,666.319204,97383.560000
2026-05-09 00:00:00+00:00,666.319204,666.373436,665.573504,665.627736,81159.820000
2026-05-09 01:00:00+00:00,665.627736,671.786750,665.440468,671.599482,115433.550000
2026-05-09 02:00:00+00:00,671.599482,675.127997,670.450682,673.979198,70444.820000
2026-05-09 03:00:00+00:00,673.979198,697.545060,667.792318,691.358181,109247.980000
2026-05-09 04:00:00+00:00,691.358181,696.511965,681.552681,686.706466,122375.060000
2026-05-09 05:00:00+00:00,686.706466,688.474360,685.552014,687.319908,93139.990000
2026-05-09 06:00:00+00:00,687.319908,697.808924,681.705640,692.194655,115744.140000
2026-05-09 07:00:00+00:00,692.194655,698.376483,689.596604,695.778431,119015.660000
2026-05-09 08:00:00+00:00,695.778431,714.413971,689.594055,708.229595,100056.450000
2026-05-09 09:00:00+00:00,708.229595,709.785411,703.004110,704.559926,124032.070000
2026-05-09 10:00:00+00:00,704.559926,714.549660,702.382172,712.371907,92628.140000
2026-05-09 11:00:00+00:00,712.371907,721.891873,712.319206,721.839172,71888.170000
2026-05-09 12:00:00+00:00,721.839172,726.826060,711.524503,716.511391,106357.820000
2026-05-09 13:00:00+00:00,716.511391,718.035702,714.728346,716.252657,71874.360000
2026-05-09 14:00:00+00:00,716.252657,734.239777,710.036410,728.023531,115376.930000
2026-05-09 15:00:00+00:00,728.023531,728.781461,726.239580,726.997510,92437.570000
2026-05-09 16:00:00+00:00,726.997510,736.892277,724.288038,734.182805,117433.590000
2026-05-09 17:00:00+00:00,734.182805,739.388664,730.950845,736.156704,97927.340000
2026-05-09 18:00:00+00:00,736.156704,742.495362,732.643530,738.982189,86466.710000
2026-05-09 19:00:00+00:00,738.982189,742.522645,731.081377,734.621833,77452.560000
2026-05-09 20:00:00+00:00,734.621833,750.810653,732.276182,748.465002,105842.100000
2026-05-09 21:00:00+00:00,748.465002,752.534419,732.983035,737.052453,114906.100000
2026-05-09 22:00:00+00:00,737.052453,751.782992,732.433354,747.163893,73169.450000
2026-05-09 23:00:00+00:00,747.163893,747.793337,738.811919,739.441363,98182.250000
2026-05-10 00:00:00+00:00,739.441363,753.672479,725.947802,740.178918,112442.310000
2026-05-10 01:00:00+00:00,740.178918,742.063006,739.430051,741.314138,109593.590000
2026-05-10 02:00:00+00:00,741.314138,743.004001,740.534640,742.224502,69023.820000
2026-05-10 03:00:00+00:00,742.224502,747.528143,741.917864,747.221505,120414.990000
2026-05-10 04:00:00+00:00,747.221505,747.339377,739.942446,740.060318,111227.230000
2026-05-10 05:00:00+00:00,740.060318,741.963121,736.914478,738.817281,107085.830000
2026-05-10 06:00:00+00:00,738.817281,748.854877,725.829740,735.867336,121193.970000
2026-05-10 07:00:00+00:00,735.867336,738.829577,731.402336,734.364577,93081.650000
2026-05-10 08:00:00+00:00,734.364577,739.942379,731.330470,736.908272,80313.860000
2026-05-10 09:00:00+00:00,736.908272,744.970211,735.230373,743.292312,78453.330000
2026-05-10 10:00:00+00:00,743.292312,747.777269,740.076173,744.561130,118822.190000
2026-05-10 11:00:00+00:00,744.561130,751.522999,726.369735,733.331604,110333.180000
2026-05-10 12:00:00+00:00,733.331604,749.722565,732.651265,749.042225,106602.050000
2026-05-10 13:00:00+00:00,749.042225,759.142640,740.262567,750.362982,76294.620000
2026-05-10 14:00:00+00:00,750.362982,762.200089,750.063104,761.900211,79026.220000
2026-05-10 15:00:00+00:00,761.900211,764.302182,754.811380,757.213351,61596.390000
2026-05-10 16:00:00+00:00,757.213351,757.434140,751.617349,751.838139,44325.050000
2026-05-10 17:00:00+00:00,751.838139,753.727655,749.858768,751.748283,70651.940000
2026-05-10 18:00:00+00:00,751.748283,757.143900,740.775865,746.171481,76629.550000
2026-05-10 19:00:00+00:00,746.171481,749.209688,741.032222,744.070429,49173.690000
2026-05-10 20:00:00+00:00,744.070429,744.297358,740.459940,740.686870,71542.080000
2026-05-10 21:00:00+00:00,740.686870,743.909637,739.877957,743.100725,59277.460000
2026-05-10 22:00:00+00:00,743.100725,745.352900,733.820380,736.072556,76002.170000
2026-05-10 23:00:00+00:00,736.072556,737.307809,732.759298,733.994551,46922.020000
2026-05-11 00:00:00+00:00,733.994551,734.771674,733.192044,733.969167,64241.030000
2026-05-11 01:00:00+00:00,733.969167,736.387610,730.281501,732.699944,73014.480000
2026-05-11 02:00:00+00:00,732.699944,733.949340,731.968338,733.217735,43509.500000
2026-05-11 03:00:00+00:00,733.217735,739.833687,730.791316,737.407268,68485.390000
2026-05-11 04:00:00+00:00,737.407268,738.013780,734.981705,735.588217,50003.140000
2026-05-11 05:00:00+00:00,735.588217,737.117200,728.942513,730.471496,55188.990000
2026-05-11 06:00:00+00:00,730.471496,734.255547,729.530860,733.314912,71366.190000
2026-05-11 07:00:00+00:00,733.314912,735.716620,731.934092,734.335800,59125.180000
2026-05-11 08:00:00+00:00,734.335800,736.368153,729.583324,731.615678,56195.630000
2026-05-11 09:00:00+00:00,731.615678,734.238320,731.388783,734.011425,68948.950000
2026-05-11 10:00:00+00:00,734.011425,738.564536,728.199188,732.752299,56690.630000
2026-05-11 11:00:00+00:00,732.752299,733.840525,728.336127,729.424354,68153.560000
2026-05-11 12:00:00+00:00,729.424354,730.946851,727.914596,729.437093,59908.910000
2026-05-11 13:00:00+00:00,729.437093,732.996667,720.616663,724.176237,65388.640000
2026-05-11 14:00:00+00:00,724.176237,726.224254,719.692419,721.740436,69538.630000
2026-05-11 15:00:00+00:00,721.740436,727.525787,712.994840,718.780191,57970.360000
2026-05-11 16:00:00+00:00,718.780191,722.550664,718.095787,721.866261,64566.800000
2026-05-11 17:00:00+00:00,721.866261,723.098409,721.356903,722.589051,45365.500000
2026-05-11 18:00:00+00:00,722.589051,723.362195,720.246392,721.019536,62201.830000
2026-05-11 19:00:00+00:00,721.019536,721.525952,720.519167,721.025583,67405.910000
2026-05-11 20:00:00+00:00,721.025583,722.583854,719.921879,721.480150,49869.160000
2026-05-11 21:00:00+00:00,721.480150,723.542401,717.702119,719.764370,66949.400000
2026-05-11 22:00:00+00:00,719.764370,721.313115,714.856537,716.405282,77466.000000
2026-05-11 23:00:00+00:00,716.405282,722.025186,714.028356,719.648260,55883.820000
2026-05-12 00:00:00+00:00,719.648260,722.955042,710.131211,713.437993,77065.870000
2026-05-12 01:00:00+00:00,713.437993,719.711688,709.542593,715.816288,66192.810000
2026-05-12 02:00:00+00:00,715.816288,716.846181,714.524862,715.554755,49745.200000
2026-05-12 03:00:00+00:00,715.554755,720.020570,713.615825,718.081639,60966.800000
2026-05-12 04:00:00+00:00,718.081639,720.230841,713.831804,715.981006,192460.260000
2026-05-12 05:00:00+00:00,715.981006,723.284188,708.772986,716.076168,155357.450000
2026-05-12 06:00:00+00:00,716.076168,736.428681,707.519487,727.872000,181540.930000
2026-05-12 07:00:00+00:00,727.872000,760.435812,719.791463,752.355275,187143.680000
2026-05-12 08:00:00+00:00,752.355275,761.392630,743.073859,752.111214,127368.240000
2026-05-12 09:00:00+00:00,752.111214,753.723704,709.140081,710.752571,223573.520000
2026-05-12 10:00:00+00:00,710.752571,724.414344,700.414157,714.075929,127069.960000
2026-05-12 11:00:00+00:00,714.075929,721.466554,709.319721,716.710346,222089.490000
2026-05-12 12:00:00+00:00,716.710346,732.402657,712.741338,728.433649,216781.180000
2026-05-12 13:00:00+00:00,728.433649,741.613603,715.087204,728.267157,198088.830000
2026-05-12 14:00:00+00:00,728.267157,759.512749,725.645074,756.890665,196670.130000
2026-05-12 15:00:00+00:00,756.890665,759.632120,750.885477,753.626931,171865.190000
2026-05-12 16:00:00+00:00,753.626931,756.994832,726.234322,729.602223,167679.670000
2026-05-12 17:00:00+00:00,729.602223,737.777537,727.094721,735.270035,185529.660000
2026-05-12 18:00:00+00:00,735.270035,756.072494,698.583554,719.386013,223564.340000
2026-05-12 19:00:00+00:00,719.386013,775.447417,702.698841,758.760245,138767.890000
2026-05-12 20:00:00+00:00,758.760245,764.173186,755.752478,761.165418,160962.300000
2026-05-12 21:00:00+00:00,761.165418,768.707024,760.428938,767.970544,170888.050000
2026-05-12 22:00:00+00:00,767.970544,795.609581,763.239518,790.878555,202259.370000
2026-05-12 23:00:00+00:00,790.878555,802.060645,768.397341,779.579431,169952.310000
2026-05-13 00:00:00+00:00,779.579431,786.412187,776.390481,783.223237,218569.690000
2026-05-13 01:00:00+00:00,783.223237,789.176011,766.472276,772.425050,149136.000000
2026-05-13 02:00:00+00:00,772.425050,805.593837,766.777201,799.945989,232013.630000
2026-05-13 03:00:00+00:00,799.945989,801.265883,799.733047,801.052942,139628.800000
2026-05-13 04:00:00+00:00,801.052942,801.296270,787.411145,787.654474,200040.900000
2026-05-13 05:00:00+00:00,787.654474,816.286043,776.577875,805.209445,195230.280000
2026-05-13 06:00:00+00:00,805.209445,832.833020,801.643019,829.266594,187692.420000
2026-05-13 07:00:00+00:00,829.266594,861.746877,791.584709,824.064992,195227.340000
2026-05-13 08:00:00+00:00,824.064992,844.246616,821.558178,841.739802,138262.300000
2026-05-13 09:00:00+00:00,841.739802,852.555588,820.561365,831.377151,146173.280000
2026-05-13 10:00:00+00:00,831.377151,857.574943,802.863974,829.061766,192663.750000
2026-05-13 11:00:00+00:00,829.061766,846.121626,798.189761,815.249621,227145.710000
2026-05-13 12:00:00+00:00,815.249621,816.118284,809.874407,810.743070,138905.770000
2026-05-13 13:00:00+00:00,810.743070,823.042364,796.804470,809.103765,233321.110000
2026-05-13 14:00:00+00:00,809.103765,813.915488,805.702450,810.514174,203071.970000
2026-05-13 15:00:00+00:00,810.514174,817.999880,778.678135,786.163841,190774.770000
2026-05-13 16:00:00+00:00,786.163841,796.823113,775.273181,785.932453,160599.630000
2026-05-13 17:00:00+00:00,785.932453,788.557302,767.927267,770.552117,207978.000000
2026-05-13 18:00:00+00:00,770.552117,783.948551,759.144734,772.541168,161418.570000
2026-05-13 19:00:00+00:00,772.541168,779.233735,768.590724,775.283290,148313.250000
2026-05-13 20:00:00+00:00,775.283290,777.540209,768.638659,770.895577,175108.070000
2026-05-13 21:00:00+00:00,770.895577,778.225460,726.288838,733.618721,230998.780000
2026-05-13 22:00:00+00:00,733.618721,744.609718,728.927394,739.918392,175474.270000
2026-05-13 23:00:00+00:00,739.918392,762.209079,700.794093,723.084780,195972.040000
2026-05-14 00:00:00+00:00,723.084780,730.885560,716.178606,723.979387,181926.520000
2026-05-14 01:00:00+00:00,723.979387,739.733610,713.203665,728.957888,159590.790000
2026-05-14 02:00:00+00:00,728.957888,776.027123,703.604628,750.673863,127419.510000
2026-05-14 03:00:00+00:00,750.673863,790.482689,728.964590,768.773415,139376.520000
2026-05-14 04:00:00+00:00,768.773415,770.290502,757.848014,759.365101,184887.420000
2026-05-14 05:00:00+00:00,759.365101,775.348035,729.813671,745.796606,177217.490000
2026-05-14 06:00:00+00:00,745.796606,747.513496,722.221547,723.938437,146855.030000
2026-05-14 07:00:00+00:00,723.938437,735.217998,701.882014,713.161575,204922.710000
2026-05-14 08:00:00+00:00,713.161575,728.767238,705.882250,721.487914,135097.610000
2026-05-14 09:00:00+00:00,721.487914,739.873578,709.862579,728.248244,170385.200000
2026-05-14 10:00:00+00:00,728.248244,732.179905,719.957553,723.889215,215932.160000
2026-05-14 11:00:00+00:00,723.889215,743.323303,714.710983,734.145071,183983.650000
2026-05-14 12:00:00+00:00,734.145071,739.537310,726.098635,731.490873,225886.420000
2026-05-14 13:00:00+00:00,731.490873,739.354420,715.333960,723.197508,230180.430000
2026-05-14 14:00:00+00:00,723.197508,740.936900,716.696052,734.435444,202347.740000
2026-05-14 15:00:00+00:00,734.435444,753.034087,717.659544,736.258187,177217.120000
2026-05-14 16:00:00+00:00,736.258187,746.922698,711.681433,722.345945,171249.010000
2026-05-14 17:00:00+00:00,722.345945,723.838363,719.759963,721.252382,178764.960000
2026-05-14 18:00:00+00:00,721.252382,723.171722,694.406391,696.325732,208967.460000
2026-05-14 19:00:00+00:00,696.325732,699.343342,680.657443,683.675054,178993.550000
2026-05-14 20:00:00+00:00,683.675054,691.409695,665.979414,673.714054,214897.050000
2026-05-14 21:00:00+00:00,673.714054,677.030940,661.470194,664.787081,174770.810000
2026-05-14 22:00:00+00:00,664.787081,670.831417,637.629448,643.673785,165206.480000
2026-05-14 23:00:00+00:00,643.673785,673.504687,642.915190,672.746092,198897.800000
2026-05-15 00:00:00+00:00,672.746092,673.426110,663.778144,664.458162,133507.320000
2026-05-15 01:00:00+00:00,664.458162,670.361921,662.013611,667.917370,217427.310000
2026-05-15 02:00:00+00:00,667.917370,683.956067,656.378381,672.417078,230645.510000
2026-05-15 03:00:00+00:00,672.417078,686.502537,655.009112,669.094571,158518.200000
2026-05-15 04:00:00+00:00,669.094571,672.675737,656.754288,660.335454,139778.750000
2026-05-15 05:00:00+00:00,660.335454,666.119696,648.129522,653.913764,225389.580000
2026-05-15 06:00:00+00:00,653.913764,659.001810,635.139072,640.227119,216348.380000
2026-05-15 07:00:00+00:00,640.227119,663.147561,612.998085,635.918528,144842.410000
2026-05-15 08:00:00+00:00,635.918528,644.529102,618.332660,626.943234,184734.430000
2026-05-15 09:00:00+00:00,626.943234,659.093040,616.420709,648.570514,225109.510000
2026-05-15 10:00:00+00:00,648.570514,676.322807,647.446171,675.198465,164941.470000
2026-05-15 11:00:00+00:00,675.198465,691.464237,642.654482,658.920254,203063.020000
2026-05-15 12:00:00+00:00,658.920254,683.407884,644.835130,669.322760,135552.960000
2026-05-15 13:00:00+00:00,669.322760,681.824947,644.103377,656.605563,197065.990000
2026-05-15 14:00:00+00:00,656.605563,681.414257,648.538735,673.347429,202629.500000
2026-05-15 15:00:00+00:00,673.347429,702.331124,672.793094,701.776789,145877.210000
2026-05-15 16:00:00+00:00,701.776789,717.900135,680.979657,697.103002,189829.570000
2026-05-15 17:00:00+00:00,697.103002,706.357037,686.133661,695.387696,175177.930000
2026-05-15 18:00:00+00:00,695.387696,731.405520,680.969967,716.987791,186527.430000
2026-05-15 19:00:00+00:00,716.987791,729.391626,701.579801,713.983637,165016.760000
2026-05-15 20:00:00+00:00,713.983637,736.344568,706.956266,729.317198,167396.630000
2026-05-15 21:00:00+00:00,729.317198,748.141070,728.636684,747.460555,217360.850000
2026-05-15 22:00:00+00:00,747.460555,770.466374,725.046030,748.051848,152519.090000
2026-05-15 23:00:00+00:00,748.051848,761.123889,737.106043,750.178084,181780.370000
2026-05-16 00:00:00+00:00,750.178084,764.665006,744.431455,758.918378,215000.510000
2026-05-16 01:00:00+00:00,758.918378,768.105551,740.341506,749.528679,196483.760000
2026-05-16 02:00:00+00:00,749.528679,760.464466,744.772515,755.708301,146807.410000
2026-05-16 03:00:00+00:00,755.708301,806.913556,739.169444,790.374699,165255.290000
2026-05-16 04:00:00+00:00,790.374699,806.569458,790.244137,806.438897,135091.950000
2026-05-16 05:00:00+00:00,806.438897,809.698319,799.031148,802.290571,133497.970000
2026-05-16 06:00:00+00:00,802.290571,806.882777,787.952742,792.544948,204640.910000
2026-05-16 07:00:00+00:00,792.544948,823.687569,779.251532,810.394153,139395.380000
2026-05-16 08:00:00+00:00,810.394153,839.567046,781.255351,810.428244,201132.220000
2026-05-16 09:00:00+00:00,810.428244,810.661056,791.500348,791.733160,201589.760000
2026-05-16 10:00:00+00:00,791.733160,805.548665,750.020464,763.835970,225964.520000
2026-05-16 11:00:00+00:00,763.835970,767.716806,756.222166,760.103003,221804.200000
2026-05-16 12:00:00+00:00,760.103003,760.549857,755.528738,755.975592,127199.780000
2026-05-16 13:00:00+00:00,755.975592,778.958465,720.013725,742.996597,138418.900000
2026-05-16 14:00:00+00:00,742.996597,749.580173,725.619856,732.203431,189725.800000
2026-05-16 15:00:00+00:00,732.203431,750.782598,710.815031,729.394198,148860.730000
2026-05-16 16:00:00+00:00,729.394198,740.753364,720.846931,732.206097,184743.460000
2026-05-16 17:00:00+00:00,732.206097,757.804819,717.082592,742.681314,171217.680000
2026-05-16 18:00:00+00:00,742.681314,761.067565,738.443709,756.829961,202757.610000
2026-05-16 19:00:00+00:00,756.829961,781.350813,739.354204,763.875056,164719.810000
2026-05-16 20:00:00+00:00,763.875056,776.045190,761.886834,774.056968,176274.080000
2026-05-16 21:00:00+00:00,774.056968,823.647881,746.674437,796.265350,199940.240000
2026-05-16 22:00:00+00:00,796.265350,807.134500,775.898598,786.767748,167293.600000
2026-05-16 23:00:00+00:00,786.767748,789.615840,763.576334,766.424426,194197.130000
2026-05-17 00:00:00+00:00,766.424426,774.720289,745.394189,753.690052,201725.840000
2026-05-17 01:00:00+00:00,753.690052,761.579423,737.937080,745.826451,203062.730000
2026-05-17 02:00:00+00:00,745.826451,749.297486,727.411279,730.882314,227898.990000
2026-05-17 03:00:00+00:00,730.882314,739.429295,713.573896,722.120876,206227.740000
2026-05-17 04:00:00+00:00,722.120876,762.155118,707.263576,747.297818,160615.220000
2026-05-17 05:00:00+00:00,747.297818,764.766028,737.015608,754.483818,163141.270000
2026-05-17 06:00:00+00:00,754.483818,755.432457,744.230942,745.179581,188007.630000
2026-05-17 07:00:00+00:00,745.179581,771.182589,740.680438,766.683446,231423.350000
2026-05-17 08:00:00+00:00,766.683446,797.927008,698.555825,729.799386,220105.050000
2026-05-17 09:00:00+00:00,729.799386,735.841245,710.364659,716.406518,228602.220000
2026-05-17 10:00:00+00:00,716.406518,727.767595,714.229228,725.590305,149207.730000
2026-05-17 11:00:00+00:00,725.590305,749.093170,703.283858,726.786723,195900.890000
2026-05-17 12:00:00+00:00,726.786723,729.356773,706.800672,709.370721,168973.730000
2026-05-17 13:00:00+00:00,709.370721,724.260524,697.453473,712.343276,157224.350000
2026-05-17 14:00:00+00:00,712.343276,739.817291,695.090753,722.564769,203122.170000
2026-05-17 15:00:00+00:00,722.564769,747.613761,708.663073,733.712066,184220.150000
2026-05-17 16:00:00+00:00,733.712066,773.630134,727.678376,767.596445,138077.100000
2026-05-17 17:00:00+00:00,767.596445,773.532816,761.724158,767.660529,178821.480000
2026-05-17 18:00:00+00:00,767.660529,798.908424,750.003125,781.251021,153090.410000
2026-05-17 19:00:00+00:00,781.251021,797.513701,779.207812,795.470492,165083.130000
2026-05-17 20:00:00+00:00,795.470492,810.627258,754.276841,769.433607,193382.830000
2026-05-17 21:00:00+00:00,769.433607,776.230548,750.237021,757.033961,179261.430000
2026-05-17 22:00:00+00:00,757.033961,772.820938,752.797933,768.584910,199850.690000
2026-05-17 23:00:00+00:00,768.584910,773.555331,762.238428,767.208850,132604.890000
2026-05-18 00:00:00+00:00,767.208850,797.682405,758.757810,789.231365,189695.800000
2026-05-18 01:00:00+00:00,789.231365,814.593460,770.945534,796.307630,162960.730000
2026-05-18 02:00:00+00:00,796.307630,808.725362,785.379555,797.797288,176031.850000
2026-05-18 03:00:00+00:00,797.797288,811.886657,767.297974,781.387344,215359.280000
2026-05-18 04:00:00+00:00,781.387344,784.161541,756.466272,759.240469,206588.670000
2026-05-18 05:00:00+00:00,759.240469,789.337729,746.441685,776.538946,183216.700000
2026-05-18 06:00:00+00:00,776.538946,777.824565,764.660819,765.946439,222826.130000
2026-05-18 07:00:00+00:00,765.946439,776.857970,760.431564,771.343096,150348.020000
2026-05-18 08:00:00+00:00,771.343096,789.442573,767.325185,785.424662,166110.720000
2026-05-18 09:00:00+00:00,785.424662,797.890151,761.444016,773.909505,127460.810000
2026-05-18 10:00:00+00:00,773.909505,780.147622,760.700312,766.938429,77159.260000
2026-05-18 11:00:00+00:00,766.938429,771.551122,765.261348,769.874041,113809.420000
2026-05-18 12:00:00+00:00,769.874041,773.499942,755.457825,759.083726,81662.110000
2026-05-18 13:00:00+00:00,759.083726,770.523478,747.484818,758.924569,68842.690000
2026-05-18 14:00:00+00:00,758.924569,762.133335,752.441282,755.650048,78027.260000
2026-05-18 15:00:00+00:00,755.650048,759.568942,747.325118,751.244011,111412.160000
2026-05-18 16:00:00+00:00,751.244011,757.355684,746.085729,752.197402,99596.860000
2026-05-18 17:00:00+00:00,752.197402,759.742777,739.705233,747.250608,86382.910000
2026-05-18 18:00:00+00:00,747.250608,759.293102,745.297978,757.340471,81474.630000
2026-05-18 19:00:00+00:00,757.340471,757.845284,750.480642,750.985455,90472.030000
2026-05-18 20:00:00+00:00,750.985455,752.801240,745.989943,747.805728,123525.340000
2026-05-18 21:00:00+00:00,747.805728,763.119445,738.848249,754.161965,112062.270000
2026-05-18 22:00:00+00:00,754.161965,761.445085,746.284339,753.567459,81383.700000
2026-05-18 23:00:00+00:00,753.567459,754.965232,748.934127,750.331900,77885.380000
2026-05-19 00:00:00+00:00,750.331900,753.332737,747.165486,750.166323,88492.310000
2026-05-19 01:00:00+00:00,750.166323,771.175180,740.319313,761.328170,122306.290000
2026-05-19 02:00:00+00:00,761.328170,771.862131,756.987732,767.521692,117805.340000
2026-05-19 03:00:00+00:00,767.521692,773.467567,749.599477,755.545351,122221.540000
2026-05-19 04:00:00+00:00,755.545351,757.262982,753.928211,755.645842,122381.590000
2026-05-19 05:00:00+00:00,755.645842,757.724636,749.363381,751.442175,96434.820000
2026-05-19 06:00:00+00:00,751.442175,760.673660,749.168379,758.399865,102148.410000
2026-05-19 07:00:00+00:00,758.399865,759.606323,753.172002,754.378460,80280.240000
2026-05-19 08:00:00+00:00,754.378460,765.016631,748.376240,759.014411,105307.210000
2026-05-19 09:00:00+00:00,759.014411,777.608952,752.575414,771.169955,79203.660000
2026-05-19 10:00:00+00:00,771.169955,772.120435,761.349148,762.299628,118225.680000
2026-05-19 11:00:00+00:00,762.299628,774.728730,760.737224,773.166326,84852.850000
2026-05-19 12:00:00+00:00,773.166326,774.005414,765.536372,766.375460,104292.880000
2026-05-19 13:00:00+00:00,766.375460,767.104903,762.568123,763.297566,92059.540000
2026-05-19 14:00:00+00:00,763.297566,771.905271,749.279065,757.886769,124047.640000
2026-05-19 15:00:00+00:00,757.886769,766.441714,756.243794,764.798739,71611.820000
2026-05-19 16:00:00+00:00,764.798739,767.849957,760.563125,763.614343,68855.150000
2026-05-19 17:00:00+00:00,763.614343,769.651750,763.177865,769.215272,76318.000000
2026-05-19 18:00:00+00:00,769.215272,769.583296,761.409897,761.777921,74621.530000
2026-05-19 19:00:00+00:00,761.777921,762.580043,746.177658,746.979780,122428.890000
2026-05-19 20:00:00+00:00,746.979780,770.797875,736.372705,760.190799,101185.320000
2026-05-19 21:00:00+00:00,760.190799,768.271324,743.077953,751.158478,94251.620000
2026-05-19 22:00:00+00:00,751.158478,765.475296,750.437398,764.754216,123425.390000
2026-05-19 23:00:00+00:00,764.754216,769.152799,756.763222,761.161805,108175.420000
2026-05-20 00:00:00+00:00,761.161805,781.264440,748.808050,768.910685,84890.160000
2026-05-20 01:00:00+00:00,768.910685,798.206153,760.306637,789.602104,120684.740000
2026-05-20 02:00:00+00:00,789.602104,796.676947,784.717874,791.792716,80630.590000
2026-05-20 03:00:00+00:00,791.792716,795.477714,788.773483,792.458481,107760.910000
2026-05-20 04:00:00+00:00,792.458481,799.460890,775.853313,782.855722,87177.440000
2026-05-20 05:00:00+00:00,782.855722,785.978671,781.029960,784.152910,79654.350000
2026-05-20 06:00:00+00:00,784.152910,787.460754,770.417512,773.725356,126558.190000
2026-05-20 07:00:00+00:00,773.725356,778.896316,764.911696,770.082656,70075.950000
2026-05-20 08:00:00+00:00,770.082656,780.721977,754.323424,764.962745,90710.780000
2026-05-20 09:00:00+00:00,764.962745,777.939757,758.463061,771.440072,87630.260000
2026-05-20 10:00:00+00:00,771.440072,777.429814,768.935040,774.924782,82203.700000
2026-05-20 11:00:00+00:00,774.924782,781.988206,773.600879,780.664303,102814.930000
2026-05-20 12:00:00+00:00,780.664303,782.063547,779.400183,780.799426,74372.400000
2026-05-20 13:00:00+00:00,780.799426,783.039274,772.123709,774.363557,75132.320000
2026-05-20 14:00:00+00:00,774.363557,781.951220,746.024353,753.612016,110731.640000
2026-05-20 15:00:00+00:00,753.612016,762.704634,749.086934,758.179551,79919.330000
2026-05-20 16:00:00+00:00,758.179551,765.611593,755.533325,762.965366,116206.670000
2026-05-20 17:00:00+00:00,762.965366,770.489047,749.847267,757.370948,96963.580000
2026-05-20 18:00:00+00:00,757.370948,760.179396,745.019262,747.827710,104492.910000
2026-05-20 19:00:00+00:00,747.827710,760.938755,746.273701,759.384746,123366.050000
2026-05-20 20:00:00+00:00,759.384746,765.659363,751.532992,757.807609,122831.480000
2026-05-20 21:00:00+00:00,757.807609,758.097353,753.734044,754.023788,124342.430000
2026-05-20 22:00:00+00:00,754.023788,761.454493,742.601183,750.031888,126466.170000
2026-05-20 23:00:00+00:00,750.031888,754.498475,749.826015,754.292602,69106.260000
2026-05-21 00:00:00+00:00,754.292602,754.935301,753.541523,754.184223,93868.930000
2026-05-21 01:00:00+00:00,754.184223,755.176771,741.538476,742.531024,100159.800000
2026-05-21 02:00:00+00:00,742.531024,745.099613,740.022527,742.591116,112479.000000
2026-05-21 03:00:00+00:00,742.591116,755.564039,741.833437,754.806361,109736.260000
2026-05-21 04:00:00+00:00,754.806361,762.165436,740.402422,747.761498,94190.120000
2026-05-21 05:00:00+00:00,747.761498,751.654027,743.346502,747.239031,73365.580000
2026-05-21 06:00:00+00:00,747.239031,758.045405,739.279513,750.085887,77015.180000
2026-05-21 07:00:00+00:00,750.085887,759.212363,736.281077,745.407552,112993.090000
2026-05-21 08:00:00+00:00,745.407552,750.562668,743.058010,748.213126,72591.730000
2026-05-21 09:00:00+00:00,748.213126,750.985028,741.652036,744.423939,107992.220000
2026-05-21 10:00:00+00:00,744.423939,753.024083,739.144010,747.744155,107026.820000
2026-05-21 11:00:00+00:00,747.744155,752.554338,742.032980,746.843164,94387.910000
2026-05-21 12:00:00+00:00,746.843164,753.495256,731.415818,738.067910,96322.510000
2026-05-21 13:00:00+00:00,738.067910,738.530092,731.558916,732.021097,86458.500000
2026-05-21 14:00:00+00:00,732.021097,737.564972,718.977123,724.520997,88852.370000
2026-05-21 15:00:00+00:00,724.520997,731.574935,723.632694,730.686632,120032.210000
2026-05-21 16:00:00+00:00,730.686632,734.284138,713.533006,717.130512,86575.120000
2026-05-21 17:00:00+00:00,717.130512,719.763275,706.800365,709.433128,107819.510000
2026-05-21 18:00:00+00:00,709.433128,711.776886,706.474290,708.818048,93925.460000
2026-05-21 19:00:00+00:00,708.818048,714.772368,696.971992,702.926311,100285.350000
2026-05-21 20:00:00+00:00,702.926311,715.205577,699.297592,711.576858,68556.780000
2026-05-21 21:00:00+00:00,711.576858,719.228014,709.658341,717.309497,116395.690000
2026-05-21 22:00:00+00:00,717.309497,722.726509,710.742725,716.159737,72832.300000
2026-05-21 23:00:00+00:00,716.159737,726.630990,711.528052,721.999305,69153.050000
2026-05-22 00:00:00+00:00,721.999305,727.143269,721.389606,726.533570,72237.870000
2026-05-22 01:00:00+00:00,726.533570,727.358114,726.054849,726.879393,75168.190000
2026-05-22 02:00:00+00:00,726.879393,727.133457,725.715818,725.969882,78231.030000
2026-05-22 03:00:00+00:00,725.969882,726.889636,711.405571,712.325326,117046.230000
2026-05-22 04:00:00+00:00,712.325326,717.967673,710.231127,715.873475,91249.430000
2026-05-22 05:00:00+00:00,715.873475,718.689222,709.661147,712.476895,115673.230000
2026-05-22 06:00:00+00:00,712.476895,720.451391,702.984096,710.958593,75671.700000
2026-05-22 07:00:00+00:00,710.958593,734.920670,697.833089,721.795167,91975.470000
2026-05-22 08:00:00+00:00,721.795167,723.172731,715.796503,717.174066,120219.880000
2026-05-22 09:00:00+00:00,717.174066,724.670754,713.541300,721.037988,103730.430000
2026-05-22 10:00:00+00:00,721.037988,724.195641,714.705336,717.862990,102181.210000
2026-05-22 11:00:00+00:00,717.862990,720.425713,714.174808,716.737530,79721.550000
2026-05-22 12:00:00+00:00,716.737530,721.365850,714.207168,718.835488,76468.520000
2026-05-22 13:00:00+00:00,718.835488,729.190310,709.053688,719.408510,70411.430000
2026-05-22 14:00:00+00:00,719.408510,722.958227,717.277005,720.826722,80413.720000
2026-05-22 15:00:00+00:00,720.826722,725.819448,717.697110,722.689836,100240.740000
2026-05-22 16:00:00+00:00,722.689836,725.068445,722.343783,724.722392,111738.930000
2026-05-22 17:00:00+00:00,724.722392,725.641250,716.685867,717.604725,118364.770000
2026-05-22 18:00:00+00:00,717.604725,721.408419,708.918772,712.722466,81248.540000
2026-05-22 19:00:00+00:00,712.722466,717.123459,705.977539,710.378532,107332.960000
2026-05-22 20:00:00+00:00,710.378532,712.461362,702.475810,704.558640,107980.420000
2026-05-22 21:00:00+00:00,704.558640,713.508135,689.078158,698.027654,118815.510000
2026-05-22 22:00:00+00:00,698.027654,717.745097,688.068933,707.786377,84572.970000
2026-05-22 23:00:00+00:00,707.786377,710.409949,704.490170,707.113742,125154.190000
2026-05-23 00:00:00+00:00,707.113742,714.037007,701.012492,707.935756,107136.470000
2026-05-23 01:00:00+00:00,707.935756,715.427840,703.918071,711.410154,119917.450000
2026-05-23 02:00:00+00:00,711.410154,719.475141,702.120586,710.185573,76481.620000
2026-05-23 03:00:00+00:00,710.185573,716.799898,704.443200,711.057525,90717.800000
2026-05-23 04:00:00+00:00,711.057525,718.774495,709.494842,717.211811,82851.660000
2026-05-23 05:00:00+00:00,717.211811,720.361792,716.332379,719.482359,90754.710000
2026-05-23 06:00:00+00:00,719.482359,727.851684,716.334509,724.703834,94305.270000
2026-05-23 07:00:00+00:00,724.703834,734.316078,720.742376,730.354620,112750.050000
2026-05-23 08:00:00+00:00,730.354620,738.375729,723.407247,731.428356,123055.640000
2026-05-23 09:00:00+00:00,731.428356,744.359353,715.038236,727.969233,109124.520000
2026-05-23 10:00:00+00:00,727.969233,729.511438,715.259509,716.801715,196995.860000
2026-05-23 11:00:00+00:00,716.801715,729.600460,707.173714,719.972459,187371.220000
2026-05-23 12:00:00+00:00,719.972459,729.869455,712.867541,722.764537,212315.450000
2026-05-23 13:00:00+00:00,722.764537,741.575631,717.238273,736.049368,156156.030000
2026-05-23 14:00:00+00:00,736.049368,747.353194,684.421794,695.725620,129967.520000
2026-05-23 15:00:00+00:00,695.725620,716.471520,655.920174,676.666073,180999.610000
2026-05-23 16:00:00+00:00,676.666073,692.090767,638.731982,654.156675,179809.370000
2026-05-23 17:00:00+00:00,654.156675,661.788622,625.451829,633.083776,169936.540000
2026-05-23 18:00:00+00:00,633.083776,656.794142,585.057930,608.768297,159184.090000
2026-05-23 19:00:00+00:00,608.768297,646.227184,600.677145,638.136033,199676.660000
2026-05-23 20:00:00+00:00,638.136033,639.017508,612.998308,613.879782,147783.700000
2026-05-23 21:00:00+00:00,613.879782,615.366812,604.930389,606.417418,228046.570000
2026-05-23 22:00:00+00:00,606.417418,628.019851,601.287676,622.890108,197920.090000
2026-05-23 23:00:00+00:00,622.890108,637.220097,594.661367,608.991355,133816.210000
2026-05-24 00:00:00+00:00,608.991355,621.092687,575.251499,587.352831,146446.240000
2026-05-24 01:00:00+00:00,587.352831,601.737667,576.829835,591.214671,201114.830000
2026-05-24 02:00:00+00:00,591.214671,591.508878,576.597373,576.891580,184004.510000
2026-05-24 03:00:00+00:00,576.891580,588.375848,568.802291,580.286559,152840.780000
2026-05-24 04:00:00+00:00,580.286559,609.333553,576.739245,605.786239,161862.570000
2026-05-24 05:00:00+00:00,605.786239,614.023218,582.566934,590.803913,192077.920000
2026-05-24 06:00:00+00:00,590.803913,600.260139,581.015923,590.472150,139070.250000
2026-05-24 07:00:00+00:00,590.472150,612.164480,585.193177,606.885507,181618.180000
2026-05-24 08:00:00+00:00,606.885507,612.469126,605.236471,610.820089,172740.520000
2026-05-24 09:00:00+00:00,610.820089,611.297031,605.195077,605.672018,208871.610000
2026-05-24 10:00:00+00:00,605.672018,616.927505,598.731599,609.987086,202346.200000
2026-05-24 11:00:00+00:00,609.987086,618.055609,591.932155,600.000678,143670.290000
2026-05-24 12:00:00+00:00,600.000678,621.545553,588.822631,610.367505,145577.910000
2026-05-24 13:00:00+00:00,610.367505,620.771325,584.555264,594.959083,167639.630000
2026-05-24 14:00:00+00:00,594.959083,603.831537,586.035336,594.907790,213136.290000
2026-05-24 15:00:00+00:00,594.907790,599.750931,581.498316,586.341457,136573.850000
2026-05-24 16:00:00+00:00,586.341457,592.640514,564.548534,570.847591,131235.330000
2026-05-24 17:00:00+00:00,570.847591,587.548797,560.037044,576.738251,209759.070000
2026-05-24 18:00:00+00:00,576.738251,583.131937,560.128105,566.521791,163745.570000
2026-05-24 19:00:00+00:00,566.521791,571.514388,562.056779,567.049377,224938.110000
2026-05-24 20:00:00+00:00,567.049377,568.154305,557.502736,558.607665,152960.370000
2026-05-24 21:00:00+00:00,558.607665,563.981322,534.777844,540.151502,127642.900000
2026-05-24 22:00:00+00:00,540.151502,542.908506,532.223385,534.980389,139610.050000
2026-05-24 23:00:00+00:00,534.980389,543.261823,507.253492,515.534925,128604.080000
2026-05-25 00:00:00+00:00,515.534925,531.397684,489.991301,505.854060,213080.030000
2026-05-25 01:00:00+00:00,505.854060,519.457532,490.567284,504.170756,179311.500000
2026-05-25 02:00:00+00:00,504.170756,509.332299,499.099102,504.260645,131192.410000
2026-05-25 03:00:00+00:00,504.260645,513.955755,504.207302,513.902413,139331.920000
2026-05-25 04:00:00+00:00,513.902413,518.435296,507.636850,512.169733,183606.580000
2026-05-25 05:00:00+00:00,512.169733,530.114997,505.384480,523.329745,177293.760000
2026-05-25 06:00:00+00:00,523.329745,534.566287,522.128812,533.365354,217267.970000
2026-05-25 07:00:00+00:00,533.365354,547.619718,515.813950,530.068314,138156.780000
2026-05-25 08:00:00+00:00,530.068314,551.480412,502.561152,523.973250,147305.000000
2026-05-25 09:00:00+00:00,523.973250,526.461853,504.750035,507.238638,195423.120000
2026-05-25 10:00:00+00:00,507.238638,508.570315,503.927372,505.259049,173907.550000
2026-05-25 11:00:00+00:00,505.259049,506.316458,489.863063,490.920472,177373.330000
2026-05-25 12:00:00+00:00,490.920472,494.380609,488.976283,492.436421,186516.870000
2026-05-25 13:00:00+00:00,492.436421,500.385969,488.517011,496.466559,149228.400000
2026-05-25 14:00:00+00:00,496.466559,501.121681,478.129603,482.784725,162216.230000
2026-05-25 15:00:00+00:00,482.784725,503.654439,481.515949,502.385662,181169.110000
2026-05-25 16:00:00+00:00,502.385662,509.444278,493.903620,500.962236,154427.210000
2026-05-25 17:00:00+00:00,500.962236,514.829476,500.527738,514.394979,143463.500000
2026-05-25 18:00:00+00:00,514.394979,522.754097,507.255677,515.614795,141094.580000
2026-05-25 19:00:00+00:00,515.614795,524.146253,509.173617,517.705075,179719.810000
2026-05-25 20:00:00+00:00,517.705075,519.777782,506.181371,508.254079,141735.410000
2026-05-25 21:00:00+00:00,508.254079,521.403753,505.390255,518.539929,221604.220000
2026-05-25 22:00:00+00:00,518.539929,530.801912,514.092536,526.354518,177636.790000
2026-05-25 23:00:00+00:00,526.354518,534.809222,515.515811,523.970515,185202.470000
2026-05-26 00:00:00+00:00,523.970515,536.896240,501.644848,514.570572,155012.480000
2026-05-26 01:00:00+00:00,514.570572,526.168243,513.428251,525.025921,159780.860000
2026-05-26 02:00:00+00:00,525.025921,526.269077,511.047523,512.290678,220996.610000
2026-05-26 03:00:00+00:00,512.290678,518.755971,497.599288,504.064580,218152.250000
2026-05-26 04:00:00+00:00,504.064580,508.253827,491.209796,495.399042,157546.660000
2026-05-26 05:00:00+00:00,495.399042,500.923228,478.028213,483.552399,145896.660000
2026-05-26 06:00:00+00:00,483.552399,494.602629,462.723711,473.773940,182117.890000
2026-05-26 07:00:00+00:00,473.773940,477.317614,467.359848,470.903522,135419.170000
2026-05-26 08:00:00+00:00,470.903522,478.817847,452.046891,459.961216,178503.590000
2026-05-26 09:00:00+00:00,459.961216,462.860344,448.668481,451.567609,149999.260000
2026-05-26 10:00:00+00:00,451.567609,452.169821,445.431453,446.033665,210282.400000
2026-05-26 11:00:00+00:00,446.033665,450.288410,429.504427,433.759173,190696.680000
2026-05-26 12:00:00+00:00,433.759173,450.864786,430.054754,447.160367,141610.570000
2026-05-26 13:00:00+00:00,447.160367,451.890583,441.100987,445.831203,170989.240000
2026-05-26 14:00:00+00:00,445.831203,449.306653,437.370512,440.845962,183544.650000
2026-05-26 15:00:00+00:00,440.845962,443.019261,435.148338,437.321638,191083.400000
2026-05-26 16:00:00+00:00,437.321638,440.177649,428.805776,431.661788,206280.570000
2026-05-26 17:00:00+00:00,431.661788,443.437642,414.492310,426.268165,128977.530000
2026-05-26 18:00:00+00:00,426.268165,428.249617,422.179068,424.160520,126773.310000
2026-05-26 19:00:00+00:00,424.160520,430.730890,418.610540,425.180910,175119.190000
2026-05-26 20:00:00+00:00,425.180910,433.697160,410.647741,419.163991,141392.240000
2026-05-26 21:00:00+00:00,419.163991,424.195746,414.005847,419.037603,167912.950000
2026-05-26 22:00:00+00:00,419.037603,419.901114,410.491227,411.354739,218392.100000
2026-05-26 23:00:00+00:00,411.354739,415.818114,393.205761,397.669136,203497.240000
2026-05-27 00:00:00+00:00,397.669136,404.942415,383.111105,390.384384,137814.240000
2026-05-27 01:00:00+00:00,390.384384,414.588994,374.629832,398.834442,145571.120000
2026-05-27 02:00:00+00:00,398.834442,398.987227,392.982254,393.135039,146329.140000
2026-05-27 03:00:00+00:00,393.135039,403.344262,388.230585,398.439808,155428.240000
2026-05-27 04:00:00+00:00,398.439808,408.731433,395.190126,405.481751,209029.450000
2026-05-27 05:00:00+00:00,405.481751,423.434657,379.522192,397.475099,160582.360000
2026-05-27 06:00:00+00:00,397.475099,409.704505,396.799531,409.028936,188007.170000
2026-05-27 07:00:00+00:00,409.028936,411.961707,404.269307,407.202078,163171.650000
2026-05-27 08:00:00+00:00,407.202078,413.852057,400.063022,406.713001,223360.310000
2026-05-27 09:00:00+00:00,406.713001,412.917358,386.587319,392.791676,149713.530000
2026-05-27 10:00:00+00:00,392.791676,395.487700,380.855471,383.551495,151156.540000
2026-05-27 11:00:00+00:00,383.551495,395.717250,368.024459,380.190215,209907.650000
2026-05-27 12:00:00+00:00,380.190215,381.846995,379.673168,381.329948,216654.400000
2026-05-27 13:00:00+00:00,381.329948,389.640516,378.705751,387.016319,132845.500000
2026-05-27 14:00:00+00:00,387.016319,396.722567,383.667477,393.373725,224182.290000
2026-05-27 15:00:00+00:00,393.373725,402.182850,389.301420,398.110545,182143.990000
2026-05-27 16:00:00+00:00,398.110545,413.879834,392.999382,408.768671,156697.150000
2026-05-27 17:00:00+00:00,408.768671,422.584881,403.764138,417.580347,223381.230000
2026-05-27 18:00:00+00:00,417.580347,422.498290,411.566777,416.484720,151013.270000
2026-05-27 19:00:00+00:00,416.484720,417.681774,401.721577,402.918631,198438.460000
2026-05-27 20:00:00+00:00,402.918631,407.992599,392.296372,397.370339,175099.610000
2026-05-27 21:00:00+00:00,397.370339,400.025461,395.051192,397.706313,104317.260000
2026-05-27 22:00:00+00:00,397.706313,401.734656,397.528135,401.556477,80938.020000
2026-05-27 23:00:00+00:00,401.556477,405.907794,397.191191,401.542507,100659.050000
2026-05-28 00:00:00+00:00,401.542507,415.192561,394.636298,408.286352,107770.550000
2026-05-28 01:00:00+00:00,408.286352,414.735544,407.018793,413.467985,69026.330000
2026-05-28 02:00:00+00:00,413.467985,422.966245,409.723577,419.221837,116649.790000
2026-05-28 03:00:00+00:00,419.221837,422.582856,414.451731,417.812750,74801.440000
2026-05-28 04:00:00+00:00,417.812750,423.235287,415.292239,420.714776,105746.970000
2026-05-28 05:00:00+00:00,420.714776,423.722404,417.945784,420.953413,80746.900000
2026-05-28 06:00:00+00:00,420.953413,422.084974,416.315282,417.446843,123828.740000
2026-05-28 07:00:00+00:00,417.446843,420.822861,411.333330,414.709348,73460.530000
2026-05-28 08:00:00+00:00,414.709348,418.382891,408.843664,412.517207,84551.420000
2026-05-28 09:00:00+00:00,412.517207,417.313565,408.474809,413.271167,111380.110000
2026-05-28 10:00:00+00:00,413.271167,415.037710,412.958477,414.725020,101040.430000
2026-05-28 11:00:00+00:00,414.725020,414.887028,413.065763,413.227771,70592.880000
2026-05-28 12:00:00+00:00,413.227771,422.979080,410.714196,420.465504,120268.180000
2026-05-28 13:00:00+00:00,420.465504,423.603530,419.849472,422.987498,108341.580000
2026-05-28 14:00:00+00:00,422.987498,430.138937,422.404511,429.555950,76441.610000
2026-05-28 15:00:00+00:00,429.555950,430.101808,426.988660,427.534517,77194.180000
2026-05-28 16:00:00+00:00,427.534517,430.250941,426.745898,429.462322,125860.470000
2026-05-28 17:00:00+00:00,429.462322,435.126698,417.515413,423.179789,86390.400000
2026-05-28 18:00:00+00:00,423.179789,427.898430,421.040751,425.759392,114882.820000
2026-05-28 19:00:00+00:00,425.759392,430.639425,419.365035,424.245068,73893.300000
2026-05-28 20:00:00+00:00,424.245068,436.379162,420.848803,432.982897,72379.550000
2026-05-28 21:00:00+00:00,432.982897,436.458109,431.995210,435.470421,105050.990000
2026-05-28 22:00:00+00:00,435.470421,436.929614,428.796626,430.255818,106187.510000
2026-05-28 23:00:00+00:00,430.255818,438.334990,424.161372,432.240543,123847.950000
2026-05-29 00:00:00+00:00,432.240543,437.351677,426.611608,431.722742,88718.860000
2026-05-29 01:00:00+00:00,431.722742,437.428571,418.968334,424.674163,72872.770000
2026-05-29 02:00:00+00:00,424.674163,429.996161,415.288690,420.610688,100727.890000
2026-05-29 03:00:00+00:00,420.610688,421.525930,417.109497,418.024739,81692.080000
2026-05-29 04:00:00+00:00,418.024739,419.988804,412.534245,414.498310,81333.780000
2026-05-29 05:00:00+00:00,414.498310,419.343691,413.264258,418.109639,109069.320000
2026-05-29 06:00:00+00:00,418.109639,424.157366,417.081890,423.129616,101594.920000
2026-05-29 07:00:00+00:00,423.129616,443.036320,416.594526,436.501230,101820.060000
2026-05-29 08:00:00+00:00,436.501230,439.859447,433.845836,437.204052,77247.540000
2026-05-29 09:00:00+00:00,437.204052,443.042219,435.153237,440.991404,106330.560000
2026-05-29 10:00:00+00:00,440.991404,444.844197,429.803321,433.656114,84820.780000
2026-05-29 11:00:00+00:00,433.656114,443.725502,430.630436,440.699824,97629.680000
2026-05-29 12:00:00+00:00,440.699824,444.714924,435.903115,439.918215,104429.220000
2026-05-29 13:00:00+00:00,439.918215,442.878812,432.489540,435.450137,104348.250000
2026-05-29 14:00:00+00:00,435.450137,442.034774,427.699848,434.284486,111699.960000
2026-05-29 15:00:00+00:00,434.284486,437.597891,434.125681,437.439087,46686.410000
2026-05-29 16:00:00+00:00,437.439087,441.485550,435.905524,439.951987,48215.060000
2026-05-29 17:00:00+00:00,439.951987,441.521674,439.453953,441.023639,71045.990000
2026-05-29 18:00:00+00:00,441.023639,442.782057,439.910202,441.668619,53206.030000
2026-05-29 19:00:00+00:00,441.668619,442.303720,440.115002,440.750102,77857.420000
2026-05-29 20:00:00+00:00,440.750102,442.184358,440.112460,441.546716,45998.250000
2026-05-29 21:00:00+00:00,441.546716,441.968289,438.089430,438.511003,65688.520000
2026-05-29 22:00:00+00:00,438.511003,440.879584,433.354074,435.722655,58965.340000
2026-05-29 23:00:00+00:00,435.722655,437.044476,435.581247,436.903067,50199.330000
2026-05-30 00:00:00+00:00,436.903067,439.897678,431.784630,434.779241,73467.510000
2026-05-30 01:00:00+00:00,434.779241,436.363034,433.105879,434.689672,62663.530000
2026-05-30 02:00:00+00:00,434.689672,435.772768,432.450622,433.533717,57259.440000
2026-05-30 03:00:00+00:00,433.533717,436.574641,429.813119,432.854043,66799.500000
2026-05-30 04:00:00+00:00,432.854043,434.612789,429.471268,431.230014,53761.490000
2026-05-30 05:00:00+00:00,431.230014,431.572087,430.381072,430.723145,71633.560000
2026-05-30 06:00:00+00:00,430.723145,433.068287,429.448946,431.794089,53427.450000
2026-05-30 07:00:00+00:00,431.794089,433.957304,426.023841,428.187057,67276.790000
2026-05-30 08:00:00+00:00,428.187057,430.760903,425.333121,427.906968,42294.010000
2026-05-30 09:00:00+00:00,427.906968,429.781448,422.409292,424.283772,44395.210000
2026-05-30 10:00:00+00:00,424.283772,426.569925,419.250367,421.536520,74238.010000
2026-05-30 11:00:00+00:00,421.536520,424.563702,420.294889,423.322070,43552.050000
2026-05-30 12:00:00+00:00,423.322070,426.146204,417.992269,420.816403,49613.340000
2026-05-30 13:00:00+00:00,420.816403,421.917559,419.145484,420.246640,66303.580000
2026-05-30 14:00:00+00:00,420.246640,422.641364,418.583847,420.978571,77435.260000
2026-05-30 15:00:00+00:00,420.978571,421.365705,420.526970,420.914104,57386.930000
2026-05-30 16:00:00+00:00,420.914104,422.385307,419.822013,421.293216,55538.830000
2026-05-30 17:00:00+00:00,421.293216,421.565404,419.807109,420.079297,47935.420000
2026-05-30 18:00:00+00:00,420.079297,421.600769,418.228325,419.749798,58910.980000
2026-05-30 19:00:00+00:00,419.749798,420.175773,419.620806,420.046780,54077.030000
2026-05-30 20:00:00+00:00,420.046780,420.475510,419.108885,419.537615,75564.410000
2026-05-30 21:00:00+00:00,419.537615,422.001445,418.888991,421.352820,69270.050000
2026-05-30 22:00:00+00:00,421.352820,421.618784,419.881797,420.147760,73963.330000
2026-05-30 23:00:00+00:00,420.147760,421.801230,419.654886,421.308356,77685.920000
